participant_id,wave,assessment_date,bmi,systolic_bp,questionnaire_score
100001,1,1995-07-30,20.5,116.5,43.4
100001,2,2005-09-16,26.4,134.2,49.5
100001,3,2015-12-07,23.6,135.8,57.3
100001,4,2025-07-11,31.4,130.0,38.7
100002,1,1995-12-01,30.7,114.1,61.9
100002,2,2005-11-13,30.3,111.8,37.7
100002,3,2015-08-25,22.3,147.3,54.7
100002,4,2025-08-10,26.6,136.8,45.0
100003,1,1995-11-24,21.3,109.7,67.0
100003,2,2005-09-23,24.6,117.0,41.6
100003,3,2015-10-01,24.7,128.6,65.1
100003,4,2025-11-28,22.3,146.7,42.5
100004,1,1995-07-21,24.8,116.2,59.9
100004,2,2005-12-11,30.5,120.3,60.5
100004,3,2015-11-01,21.6,136.2,
100005,1,1995-12-05,28.8,100.1,33.0
100005,2,2005-10-11,28.4,95.5,42.5
100005,3,2015-08-02,24.7,,43.0
100005,4,2025-08-13,27.5,127.5,56.7
100006,1,1995-07-12,23.7,108.0,39.1
100006,2,2005-09-04,24.7,116.8,39.5
100006,3,2015-12-11,30.1,124.9,47.6
100006,4,2025-08-02,30.0,131.0,41.1
100007,1,1995-10-16,24.3,117.0,48.7
100007,2,2005-08-26,25.8,120.5,49.6
100007,3,2015-11-22,26.2,138.3,60.9
100008,1,1995-07-31,19.8,121.9,39.8
100008,2,2005-11-03,24.9,92.6,58.6
100008,3,2015-07-13,32.0,121.2,53.1
100008,4,2025-08-14,31.9,128.5,53.9
100009,1,1995-09-25,26.8,109.1,64.3
100009,2,2005-09-21,26.9,118.1,45.9
100009,3,2015-10-21,22.4,131.1,45.8
100009,4,2025-10-10,29.8,143.8,67.2
100010,1,1995-10-20,27.6,93.8,60.6
100010,2,2005-08-31,20.0,116.6,47.2
100010,3,2015-11-18,25.4,129.9,52.2
100010,4,2025-07-20,28.0,141.8,65.8
100011,1,1995-08-16,22.7,102.3,45.5
100011,2,2005-07-25,21.2,92.1,34.8
100011,3,2015-07-25,22.5,118.0,55.9
100011,4,2025-10-28,29.5,144.7,44.4
100012,1,1995-09-06,21.5,135.4,75.7
100012,2,2005-12-27,23.5,122.3,39.9
100012,3,2015-10-05,31.1,131.2,51.1
100013,1,1995-09-25,22.9,,30.0
100013,2,2005-07-21,20.7,118.9,60.9
100013,3,2015-10-30,29.6,141.6,44.9
100013,4,2025-11-08,20.1,141.2,51.5
100014,1,1995-11-01,21.7,114.1,60.6
100014,3,2015-12-09,25.8,129.2,57.5
100014,4,2025-10-04,25.7,121.4,43.4
100015,1,1995-08-24,23.9,101.4,28.6
100015,2,2005-11-03,19.5,,62.8
100015,3,2015-09-20,18.4,145.1,60.9
100015,4,2025-08-04,26.2,138.0,52.5
100016,1,1995-12-16,27.4,106.7,47.0
100016,2,2005-10-15,,112.7,56.3
100016,3,2015-10-06,20.1,123.0,39.9
100016,4,2025-09-26,29.8,144.4,35.5
100017,1,1995-07-16,23.0,112.9,54.3
100017,2,2005-08-15,27.1,118.6,40.9
100017,3,2015-08-16,23.3,113.3,81.8
100017,4,2025-07-17,19.3,127.7,58.8
100018,1,1995-08-31,23.5,116.8,37.0
100018,2,2005-07-03,24.0,121.4,58.5
100018,3,2015-11-30,25.1,124.8,38.2
100018,4,2025-08-16,28.4,132.6,68.8
100019,1,1995-08-17,19.1,130.2,63.0
100019,2,2005-08-29,27.1,117.7,55.2
100019,3,2015-11-02,21.5,115.3,37.7
100019,4,2025-10-11,25.6,157.0,
100020,1,1995-08-29,26.6,121.6,
100020,2,2005-08-09,19.9,119.8,48.9
100020,3,2015-08-07,25.3,126.2,51.3
100020,4,2025-09-11,27.6,140.9,57.3
100021,1,1995-07-16,25.2,109.4,63.4
100021,2,2005-11-08,18.5,117.9,49.6
100021,3,2015-11-19,24.1,148.5,38.1
100021,4,2025-09-18,22.1,,37.5
100022,1,1995-11-13,23.5,109.9,62.2
100022,2,2005-12-22,28.2,,54.5
100022,4,2025-11-08,25.3,123.6,42.0
100023,1,1995-12-17,28.8,121.5,52.2
100023,3,2015-12-13,23.4,114.5,54.5
100023,4,2025-09-21,22.1,134.3,52.1
100024,1,1995-12-11,28.1,99.7,45.4
100024,2,2005-09-29,24.5,131.3,40.7
100024,3,2015-12-12,27.2,116.2,57.4
100024,4,2025-11-10,24.9,150.6,
100025,1,1995-10-24,27.1,107.1,48.4
100025,2,2005-11-27,25.2,93.8,66.3
100025,4,2025-10-19,25.6,,40.2
100026,1,1995-08-01,29.3,115.6,46.6
100026,3,2015-09-13,22.6,141.9,40.8
100026,4,2025-12-22,26.2,133.5,57.5
100027,1,1995-12-24,27.9,134.7,39.0
100027,2,2005-12-26,25.7,130.6,47.0
100027,3,2015-09-26,21.7,118.9,67.9
100027,4,2025-09-15,28.8,121.7,45.6
100028,1,1995-11-06,23.2,99.5,
100028,2,2005-09-03,,131.2,44.6
100028,3,2015-10-05,22.9,103.6,26.4
100028,4,2025-07-09,22.5,152.6,46.7
100029,1,1995-10-14,21.4,101.8,49.2
100029,2,2005-10-17,29.7,112.4,41.2
100029,3,2015-07-07,23.4,116.7,
100030,1,1995-09-07,24.2,111.5,52.5
100030,2,2005-10-13,25.6,117.2,66.6
100030,3,2015-07-23,22.7,145.5,50.1
100031,1,1995-07-17,24.0,102.2,
100031,2,2005-09-13,23.3,101.8,59.5
100031,4,2025-11-24,25.5,120.2,45.7
100032,1,1995-09-06,26.3,123.1,65.7
100032,2,2005-11-06,24.4,,45.9
100032,3,2015-11-07,20.9,120.3,48.9
100032,4,2025-07-20,26.2,147.0,52.7
100033,1,1995-11-26,24.5,111.3,52.2
100033,2,2005-11-03,19.7,103.7,60.0
100033,3,2015-07-24,30.1,131.4,41.5
100033,4,2025-11-15,25.9,141.6,51.5
100034,1,1995-09-07,28.5,115.5,
100034,2,2005-11-01,23.3,122.3,67.7
100034,3,2015-10-21,23.5,118.2,36.0
100035,1,1995-08-18,25.7,123.7,61.2
100035,2,2005-07-30,21.0,122.0,53.7
100035,3,2015-09-13,30.1,139.0,29.0
100036,1,1995-07-19,25.7,103.5,69.2
100036,2,2005-11-02,,134.2,53.3
100036,3,2015-07-20,24.8,122.2,52.5
100036,4,2025-11-21,26.4,124.0,41.5
100037,1,1995-09-19,22.0,102.2,71.5
100037,2,2005-07-03,23.4,142.1,56.8
100037,3,2015-10-12,27.1,124.2,60.5
100038,1,1995-11-21,23.2,106.0,35.9
100038,2,2005-12-19,25.1,146.9,44.4
100038,3,2015-11-29,25.4,136.9,45.9
100039,1,1995-10-03,19.3,115.4,63.0
100039,2,2005-08-07,30.9,120.9,58.6
100039,3,2015-12-19,30.2,133.0,40.5
100039,4,2025-11-18,26.2,129.9,41.4
100040,1,1995-07-06,22.7,127.5,57.5
100040,2,2005-10-31,27.3,105.7,49.3
100040,4,2025-07-29,27.9,133.7,49.0
100041,1,1995-09-10,23.4,114.8,43.9
100041,2,2005-07-24,32.0,109.9,71.1
100041,4,2025-09-12,30.1,135.9,59.2
100042,1,1995-09-03,29.3,108.0,42.5
100042,3,2015-11-20,26.2,130.9,53.2
100042,4,2025-09-05,31.8,144.7,59.1
100043,1,1995-12-26,24.1,87.4,57.4
100043,2,2005-12-05,,106.6,56.3
100043,3,2015-11-13,24.8,142.3,58.5
100043,4,2025-11-22,27.8,144.8,
100044,1,1995-07-07,24.6,119.9,57.5
100044,2,2005-12-24,28.6,123.3,50.7
100044,3,2015-08-25,27.8,130.7,46.5
100044,4,2025-08-04,30.4,122.7,56.5
100045,1,1995-12-17,18.3,91.2,53.2
100045,2,2005-11-04,20.4,112.1,47.5
100045,3,2015-08-16,22.0,144.5,41.8
100045,4,2025-07-14,28.1,126.0,54.9
100046,1,1995-09-16,23.6,105.5,56.9
100046,2,2005-12-13,27.1,133.0,55.8
100046,3,2015-11-18,23.7,139.0,47.5
100046,4,2025-07-31,26.2,139.2,47.3
100047,1,1995-10-08,20.5,133.6,51.4
100047,2,2005-08-16,26.2,116.0,45.4
100047,3,2015-11-01,19.9,120.9,48.6
100048,1,1995-09-24,26.5,90.5,50.3
100048,2,2005-07-16,23.8,131.8,56.5
100048,3,2015-09-15,24.8,121.5,64.2
100048,4,2025-09-24,27.2,101.7,47.5
100049,1,1995-09-08,26.9,111.7,43.0
100049,2,2005-08-27,,132.2,65.2
100049,3,2015-09-15,23.4,133.3,41.7
100049,4,2025-10-06,21.7,119.5,34.6
100050,1,1995-08-07,22.3,106.0,53.1
100050,2,2005-11-26,22.7,103.4,49.7
100050,3,2015-07-01,29.1,143.5,67.6
100050,4,2025-10-13,27.5,123.8,61.3
100051,1,1995-11-19,22.3,121.0,61.1
100051,2,2005-10-10,28.2,113.5,42.6
100051,3,2015-07-09,30.2,,56.9
100052,1,1995-08-17,26.0,102.2,33.2
100052,2,2005-11-10,26.2,99.8,44.0
100052,3,2015-11-09,33.2,110.1,62.8
100052,4,2025-10-10,25.2,134.4,38.7
100053,1,1995-08-16,17.6,100.0,35.5
100053,2,2005-10-08,23.9,131.4,30.4
100053,3,2015-11-05,20.8,114.7,46.1
100053,4,2025-09-11,22.6,128.3,52.0
100054,1,1995-09-28,28.8,109.2,41.2
100054,2,2005-10-12,26.0,96.8,47.0
100054,3,2015-09-04,31.4,127.0,33.0
100054,4,2025-10-08,20.4,131.7,43.9
100055,1,1995-10-20,25.4,118.9,35.4
100055,2,2005-12-14,32.8,120.1,54.0
100055,4,2025-09-18,23.2,125.7,48.7
100056,1,1995-12-13,24.3,135.1,42.1
100056,2,2005-08-24,28.4,130.6,42.6
100056,3,2015-10-20,28.1,,44.9
100056,4,2025-12-05,24.7,148.2,47.9
100057,1,1995-11-04,23.7,112.1,60.3
100057,2,2005-08-23,19.0,125.5,53.8
100057,3,2015-12-24,26.3,138.9,52.3
100057,4,2025-09-18,23.2,120.6,59.1
100058,1,1995-08-08,19.9,121.2,59.8
100058,2,2005-11-28,26.0,113.5,36.8
100058,3,2015-07-12,24.8,129.2,57.5
100058,4,2025-07-17,,140.4,56.7
100059,1,1995-09-09,22.3,96.9,64.6
100059,2,2005-09-15,22.7,110.8,39.1
100059,3,2015-09-04,23.2,121.8,53.4
100059,4,2025-11-12,30.1,130.4,38.3
100060,1,1995-08-10,23.8,118.9,42.2
100060,4,2025-09-21,26.3,135.2,44.9
100061,1,1995-12-10,23.6,121.2,43.3
100061,2,2005-07-24,20.5,126.3,57.0
100062,1,1995-09-20,29.0,116.0,51.2
100062,2,2005-10-06,24.6,134.7,55.2
100062,3,2015-09-23,21.3,125.1,62.9
100062,4,2025-08-04,29.4,135.8,47.1
100063,1,1995-12-24,23.3,110.1,63.6
100063,2,2005-10-18,23.5,132.6,51.3
100063,3,2015-07-25,,121.8,24.1
100063,4,2025-08-26,23.2,,42.7
100064,1,1995-09-08,18.0,118.9,63.4
100064,3,2015-07-27,26.6,129.7,62.1
100064,4,2025-09-23,24.5,,53.7
100065,1,1995-07-02,26.2,109.5,35.8
100065,2,2005-08-23,18.5,,37.2
100065,3,2015-08-03,24.3,125.4,49.1
100065,4,2025-12-25,27.1,152.7,65.7
100066,1,1995-11-05,25.0,111.7,41.8
100066,2,2005-07-12,25.5,121.4,54.7
100066,3,2015-10-05,22.6,124.6,44.5
100067,1,1995-08-10,22.7,95.8,46.4
100067,2,2005-07-15,30.3,136.1,36.2
100067,3,2015-12-19,26.9,130.0,56.7
100067,4,2025-08-14,28.7,121.8,57.1
100068,1,1995-07-24,32.1,133.8,49.2
100068,2,2005-09-16,25.5,124.0,52.7
100068,3,2015-11-25,23.1,129.9,48.4
100069,1,1995-10-16,19.1,116.9,40.2
100069,2,2005-07-24,24.0,126.2,46.9
100069,3,2015-10-01,24.9,128.9,38.3
100069,4,2025-10-06,24.7,142.4,44.0
100070,1,1995-10-03,29.4,122.8,63.3
100070,2,2005-10-14,24.2,130.2,35.1
100070,4,2025-10-21,29.5,,28.1
100071,1,1995-07-20,28.8,117.0,48.6
100071,2,2005-11-26,22.2,105.7,47.8
100071,3,2015-08-10,19.6,116.7,62.0
100072,1,1995-10-20,18.3,121.7,48.0
100072,2,2005-10-20,21.7,123.8,57.7
100072,3,2015-07-25,20.5,138.5,53.4
100073,1,1995-11-19,21.2,126.8,45.1
100073,2,2005-12-02,18.1,111.6,38.4
100073,3,2015-12-25,25.7,115.1,59.6
100073,4,2025-11-27,25.8,132.5,51.6
100074,1,1995-12-22,21.2,104.7,62.5
100074,2,2005-12-18,19.8,117.0,47.3
100074,4,2025-09-14,29.3,,39.5
100075,1,1995-09-05,25.1,122.5,49.5
100075,2,2005-11-05,29.5,110.7,58.6
100075,3,2015-07-20,27.1,113.7,42.1
100075,4,2025-11-21,23.9,136.7,34.9
100076,1,1995-12-05,30.0,103.4,57.6
100076,2,2005-09-03,16.8,134.3,57.6
100076,3,2015-09-10,27.9,119.8,57.5
100077,1,1995-08-20,19.6,,41.6
100077,2,2005-07-02,25.8,108.3,55.8
100077,3,2015-07-30,29.2,165.6,49.4
100077,4,2025-08-11,24.5,147.1,44.4
100078,1,1995-07-18,22.4,115.6,48.5
100078,2,2005-10-07,28.1,99.5,55.3
100078,3,2015-09-01,28.6,133.8,49.8
100078,4,2025-08-09,22.6,121.1,61.5
100079,1,1995-09-17,25.4,129.5,61.3
100079,2,2005-09-12,26.2,125.8,54.2
100079,3,2015-12-13,23.5,139.3,60.6
100079,4,2025-11-20,26.7,153.8,64.5
100080,1,1995-08-18,31.1,,57.2
100080,2,2005-09-10,31.1,134.5,51.6
100081,1,1995-07-18,21.3,120.6,
100081,2,2005-10-19,23.3,117.0,57.8
100081,3,2015-07-28,24.5,124.9,56.6
100082,1,1995-07-23,20.0,109.8,62.5
100082,2,2005-11-14,25.3,,51.5
100082,3,2015-10-21,25.8,120.7,50.8
100082,4,2025-09-29,26.6,126.7,58.4
100083,1,1995-12-21,,96.9,40.4
100083,2,2005-07-21,,122.4,50.0
100083,3,2015-11-09,28.0,127.8,54.9
100083,4,2025-09-06,32.3,136.4,48.2
100084,1,1995-12-11,20.9,95.0,38.2
100084,2,2005-08-01,22.1,122.5,43.4
100084,3,2015-07-20,29.8,133.7,43.9
100085,1,1995-10-27,23.6,124.9,55.9
100085,2,2005-11-21,24.1,110.9,50.9
100085,4,2025-11-19,24.3,115.2,40.9
100086,1,1995-10-27,21.8,120.5,42.6
100086,2,2005-10-30,24.0,115.1,42.1
100086,3,2015-11-13,22.7,124.6,
100086,4,2025-07-10,31.1,134.2,58.7
100087,1,1995-07-09,27.1,129.8,38.5
100087,2,2005-11-30,27.2,123.3,42.5
100087,3,2015-10-30,25.6,129.7,50.6
100087,4,2025-12-26,27.5,132.0,34.8
100088,1,1995-09-03,21.5,114.1,29.9
100088,2,2005-10-15,21.0,114.5,58.7
100088,3,2015-10-31,31.3,136.1,72.2
100088,4,2025-11-16,32.3,124.0,53.5
100089,1,1995-10-06,31.9,128.2,51.1
100089,2,2005-09-10,28.5,,57.1
100089,3,2015-09-05,24.8,135.0,36.2
100089,4,2025-08-18,26.4,126.0,34.1
100090,1,1995-11-28,25.4,111.6,54.3
100090,2,2005-12-14,22.3,112.9,39.0
100090,3,2015-07-23,25.2,137.5,52.1
100090,4,2025-12-03,23.5,134.7,59.7
100091,1,1995-10-03,21.8,105.4,53.6
100091,2,2005-07-16,30.8,130.1,46.5
100091,3,2015-11-30,26.0,126.8,63.6
100091,4,2025-11-12,24.9,147.1,52.0
100092,1,1995-08-10,24.3,103.6,69.2
100092,2,2005-11-13,24.1,119.6,44.4
100092,4,2025-08-11,23.3,124.6,55.7
100093,1,1995-07-15,23.0,127.9,60.3
100093,2,2005-11-07,26.4,129.5,38.7
100093,3,2015-12-16,23.5,113.4,37.3
100094,1,1995-08-23,21.8,98.3,53.7
100094,2,2005-07-29,27.4,116.2,42.2
100094,3,2015-10-14,27.4,133.6,62.2
100094,4,2025-12-08,24.0,144.8,32.6
100095,1,1995-10-29,22.9,94.5,46.4
100095,2,2005-11-27,25.2,111.6,63.0
100095,3,2015-08-07,26.7,132.3,45.7
100096,1,1995-09-13,24.8,123.4,
100096,2,2005-10-30,27.5,121.4,61.0
100096,3,2015-12-06,20.3,126.7,44.2
100096,4,2025-09-08,23.2,135.4,58.9
100097,1,1995-08-06,21.3,113.6,59.5
100097,2,2005-11-07,23.6,133.2,55.1
100097,3,2015-07-26,18.8,123.2,43.6
100097,4,2025-07-07,32.4,137.1,37.5
100098,2,2005-11-29,22.1,126.0,58.2
100098,3,2015-10-01,22.1,148.2,63.7
100098,4,2025-10-16,20.9,128.9,51.0
100099,1,1995-10-09,24.8,115.6,39.0
100099,2,2005-11-25,26.4,114.9,49.5
100099,3,2015-07-10,23.2,126.6,58.0
100099,4,2025-09-01,29.1,132.8,65.7
100100,1,1995-07-13,21.9,111.5,46.1
100100,2,2005-11-18,33.5,116.8,60.2
100101,1,1995-09-24,,118.9,45.9
100101,2,2005-11-02,19.4,122.2,44.8
100101,3,2015-08-11,23.5,136.8,
100101,4,2025-11-28,23.0,131.6,68.0
100102,1,1995-11-12,21.4,115.2,63.8
100102,2,2005-08-15,19.9,124.3,45.4
100102,3,2015-07-03,29.9,116.6,31.8
100102,4,2025-12-23,29.5,138.4,52.9
100103,1,1995-11-04,25.8,116.9,41.4
100103,2,2005-09-08,21.5,110.0,39.6
100103,3,2015-11-02,,128.1,51.8
100104,1,1995-07-06,18.9,118.8,61.8
100104,2,2005-07-30,22.3,113.0,48.7
100104,3,2015-08-01,24.2,129.6,48.0
100104,4,2025-12-22,27.9,128.0,54.1
100105,1,1995-09-29,28.7,123.0,33.3
100105,3,2015-08-06,28.1,123.6,47.8
100105,4,2025-12-16,26.3,,49.5
100106,1,1995-07-15,21.7,,51.0
100106,2,2005-10-01,23.4,108.1,49.6
100106,4,2025-08-08,27.1,133.2,57.4
100107,1,1995-08-10,25.0,111.8,44.2
100107,2,2005-12-03,18.1,116.2,52.8
100107,3,2015-10-14,28.6,120.2,49.6
100107,4,2025-08-19,26.3,134.6,51.8
100108,1,1995-09-27,18.2,84.9,40.0
100108,2,2005-08-30,28.6,107.8,32.0
100108,3,2015-12-09,23.4,107.8,58.9
100109,1,1995-11-02,21.3,109.8,48.8
100109,2,2005-10-18,28.3,114.7,44.9
100109,3,2015-10-26,29.8,126.1,49.8
100109,4,2025-12-04,25.0,135.8,41.4
100110,1,1995-07-03,27.8,,29.8
100110,2,2005-11-15,30.9,121.8,33.6
100110,3,2015-09-30,27.4,125.2,59.6
100110,4,2025-11-05,25.8,117.8,52.0
100111,1,1995-08-28,21.4,130.6,35.0
100111,2,2005-07-20,25.8,114.9,40.5
100111,3,2015-12-09,23.3,135.1,33.4
100111,4,2025-07-10,25.1,151.0,50.7
100112,1,1995-11-13,23.8,,58.1
100112,2,2005-07-08,28.9,145.9,43.4
100112,3,2015-09-24,32.4,135.7,45.7
100112,4,2025-09-21,23.1,131.5,54.9
100113,1,1995-10-07,24.6,111.4,53.2
100113,2,2005-07-21,25.4,102.0,49.6
100113,3,2015-08-20,27.8,117.0,46.5
100113,4,2025-08-24,24.9,121.7,34.4
100114,1,1995-08-30,22.0,132.3,59.1
100114,3,2015-10-20,28.0,148.7,55.7
100114,4,2025-12-12,24.6,112.0,43.1
100115,1,1995-11-13,24.6,93.5,39.2
100115,2,2005-09-06,,113.6,36.2
100115,3,2015-11-13,26.1,127.6,52.0
100115,4,2025-12-03,21.9,126.3,47.1
100116,1,1995-09-22,26.8,,36.7
100116,2,2005-12-03,24.8,132.6,56.4
100116,3,2015-08-18,22.9,,58.6
100116,4,2025-08-30,24.3,117.5,45.9
100117,1,1995-07-03,25.3,116.3,43.1
100117,2,2005-09-24,27.2,119.9,61.9
100117,3,2015-11-13,24.5,121.2,49.2
100117,4,2025-07-30,26.0,132.6,52.1
100118,1,1995-07-08,26.4,110.7,45.8
100118,2,2005-11-21,26.5,117.0,37.0
100118,4,2025-09-21,28.7,114.1,70.9
100119,1,1995-12-13,23.8,117.1,45.5
100119,2,2005-09-29,21.8,136.3,32.3
100119,3,2015-12-18,19.8,126.1,44.6
100119,4,2025-10-22,24.6,136.8,53.9
100120,1,1995-10-11,23.8,99.5,41.4
100120,2,2005-12-04,18.5,111.8,52.2
100120,3,2015-08-20,27.3,132.2,58.4
100120,4,2025-12-12,32.2,159.4,58.0
100121,1,1995-08-19,27.4,124.9,50.3
100121,2,2005-07-21,25.3,100.4,38.0
100121,3,2015-10-13,22.4,119.0,
100122,1,1995-12-07,26.5,106.5,
100122,2,2005-10-16,26.6,114.5,51.6
100122,3,2015-07-20,24.2,,
100122,4,2025-07-19,23.9,,53.4
100123,1,1995-07-19,26.0,89.6,66.1
100123,2,2005-11-14,23.8,131.5,58.2
100123,3,2015-11-11,23.5,127.7,47.8
100123,4,2025-11-07,23.6,122.8,45.1
100124,1,1995-10-07,23.3,120.1,36.5
100124,3,2015-10-13,26.3,108.4,46.0
100124,4,2025-08-13,24.2,120.6,54.5
100125,1,1995-11-14,24.1,128.2,53.1
100125,2,2005-07-19,23.2,95.7,55.4
100125,3,2015-07-24,27.4,117.9,53.7
100125,4,2025-09-15,32.3,146.5,49.4
100126,1,1995-07-22,21.5,115.9,54.9
100126,2,2005-10-31,25.8,118.8,62.0
100126,3,2015-07-12,25.9,121.3,68.4
100126,4,2025-07-06,24.7,116.9,59.9
100127,1,1995-12-07,21.0,102.1,46.4
100127,2,2005-10-26,23.6,126.0,51.5
100127,3,2015-10-03,27.4,131.0,37.6
100127,4,2025-09-14,33.5,124.7,50.1
100128,1,1995-10-28,30.4,113.1,50.4
100128,2,2005-11-07,22.8,131.1,50.9
100128,4,2025-07-05,28.6,132.9,57.0
100129,1,1995-09-20,24.3,113.7,59.6
100129,2,2005-08-09,24.4,123.5,62.0
100129,3,2015-11-14,21.2,110.7,43.9
100129,4,2025-08-04,30.4,144.6,52.5
100130,1,1995-11-05,26.8,118.7,52.7
100130,2,2005-12-26,27.3,116.1,48.6
100130,3,2015-08-14,23.5,109.1,42.4
100130,4,2025-07-15,24.4,121.2,53.6
100131,1,1995-11-22,22.8,99.0,51.0
100132,1,1995-08-05,22.6,92.2,47.3
100132,2,2005-08-27,22.6,112.6,
100132,3,2015-07-14,22.3,127.3,55.6
100132,4,2025-10-17,32.5,147.8,54.6
100133,1,1995-07-16,26.1,107.1,38.9
100133,2,2005-12-13,25.9,113.9,70.4
100133,3,2015-10-16,24.8,135.6,57.1
100134,1,1995-12-15,24.1,116.7,69.2
100134,2,2005-11-19,24.9,136.6,52.5
100134,3,2015-08-12,22.6,125.6,54.2
100134,4,2025-10-01,27.5,,54.9
100135,1,1995-08-20,21.8,91.5,58.3
100135,2,2005-07-01,21.2,103.4,56.7
100135,3,2015-12-13,26.4,110.1,43.7
100135,4,2025-12-03,23.4,150.7,72.6
100136,1,1995-09-13,28.3,132.5,
100136,2,2005-09-23,27.3,117.0,48.0
100136,3,2015-07-28,25.5,129.5,47.6
100136,4,2025-07-01,28.6,148.7,61.4
100137,1,1995-11-23,15.0,113.8,54.2
100137,2,2005-07-21,26.6,109.1,46.6
100137,3,2015-12-05,21.9,126.3,51.7
100137,4,2025-09-05,30.4,129.4,40.5
100138,1,1995-09-14,26.5,110.6,47.5
100138,2,2005-11-02,26.1,117.4,41.4
100138,3,2015-08-28,23.2,115.7,42.0
100138,4,2025-12-25,30.5,125.4,45.2
100139,1,1995-07-08,32.3,118.7,53.8
100139,2,2005-07-16,25.1,133.3,37.3
100139,3,2015-09-30,23.3,108.2,53.7
100139,4,2025-08-06,19.8,155.0,57.2
100140,1,1995-10-14,24.6,109.4,34.2
100140,2,2005-09-20,,115.9,56.0
100140,3,2015-10-30,24.4,111.4,47.9
100140,4,2025-10-09,30.3,132.5,50.2
100141,1,1995-08-24,26.5,101.9,60.0
100141,2,2005-09-30,,,54.9
100141,3,2015-12-02,25.7,142.9,62.7
100141,4,2025-09-23,26.9,132.3,58.5
100142,1,1995-12-09,27.9,109.3,44.7
100142,2,2005-08-27,29.8,115.1,48.0
100142,3,2015-08-21,25.9,114.2,71.3
100142,4,2025-10-08,21.2,126.2,49.2
100143,2,2005-09-11,19.8,123.7,52.9
100143,3,2015-11-25,28.9,,42.6
100143,4,2025-07-30,24.3,112.8,50.3
100144,1,1995-08-26,23.7,134.1,38.3
100144,2,2005-11-07,21.6,128.6,45.9
100144,3,2015-09-27,28.3,120.4,59.9
100145,1,1995-07-21,27.5,123.5,28.2
100145,3,2015-12-02,23.8,123.7,45.5
100145,4,2025-10-16,21.3,121.9,68.1
100146,1,1995-09-08,20.6,,61.2
100146,2,2005-11-05,25.9,102.2,41.2
100146,3,2015-12-27,26.0,128.9,
100146,4,2025-10-16,26.2,152.8,54.5
100147,1,1995-11-18,27.0,125.4,51.7
100147,2,2005-12-18,21.0,108.3,43.7
100147,3,2015-09-26,29.1,122.0,47.3
100147,4,2025-09-05,21.9,118.9,36.1
100148,1,1995-11-12,22.6,117.7,48.7
100148,2,2005-10-09,24.4,121.2,50.9
100148,4,2025-08-01,22.7,132.6,53.6
100149,1,1995-10-17,15.7,110.8,44.7
100149,2,2005-07-13,20.7,112.7,58.8
100149,3,2015-08-27,22.5,131.5,39.9
100149,4,2025-09-27,24.2,,39.4
100150,1,1995-08-09,19.9,105.8,47.8
100150,2,2005-09-08,21.3,113.0,56.5
100150,3,2015-08-14,20.0,114.5,55.9
100150,4,2025-09-14,23.8,138.5,48.2
100151,1,1995-07-01,26.2,113.8,41.0
100151,2,2005-12-03,26.8,141.2,61.8
100151,4,2025-07-01,32.2,142.9,49.8
100152,1,1995-12-25,20.2,104.4,60.6
100152,2,2005-11-24,16.5,105.9,54.5
100152,3,2015-07-25,23.2,134.0,34.9
100152,4,2025-09-07,24.3,,57.8
100153,1,1995-10-25,23.4,122.5,45.6
100153,2,2005-10-11,25.2,115.2,33.0
100153,3,2015-07-07,19.9,108.9,53.5
100154,1,1995-09-09,22.2,110.2,43.3
100154,2,2005-09-10,28.1,106.5,60.7
100154,3,2015-10-30,21.7,123.5,51.3
100154,4,2025-10-05,22.2,133.8,47.5
100155,1,1995-10-06,22.9,128.0,50.6
100155,2,2005-07-09,23.0,126.8,73.8
100155,3,2015-07-07,28.2,115.2,46.0
100155,4,2025-12-19,28.4,138.7,62.8
100156,1,1995-08-18,,113.6,47.1
100156,2,2005-07-22,27.1,132.8,53.0
100156,3,2015-09-13,27.4,107.2,60.8
100156,4,2025-10-02,28.9,124.6,35.5
100157,1,1995-10-15,25.5,98.8,34.1
100157,2,2005-09-23,25.0,128.1,41.2
100157,3,2015-07-11,22.6,125.9,65.5
100157,4,2025-09-16,26.4,151.2,54.8
100158,1,1995-12-07,23.9,105.5,56.5
100158,2,2005-07-13,22.1,103.3,
100158,3,2015-08-03,23.9,138.9,39.0
100158,4,2025-08-29,26.4,137.0,58.9
100159,1,1995-10-05,24.5,93.6,58.0
100159,2,2005-09-06,26.7,121.5,45.3
100159,3,2015-09-22,26.8,128.6,67.8
100159,4,2025-08-01,25.4,135.6,60.6
100160,1,1995-07-20,27.0,100.2,59.1
100160,3,2015-07-14,29.4,113.9,59.4
100160,4,2025-09-21,32.0,151.1,49.5
100161,1,1995-10-20,21.0,117.7,44.7
100161,2,2005-08-09,22.8,124.1,43.3
100161,3,2015-11-25,28.5,121.0,46.5
100161,4,2025-09-14,23.6,145.6,52.8
100162,1,1995-07-31,26.6,137.3,42.8
100162,2,2005-07-12,25.9,130.8,49.0
100162,3,2015-11-12,26.6,127.2,46.3
100162,4,2025-08-28,21.7,150.5,66.6
100163,1,1995-07-22,29.9,97.4,41.1
100163,2,2005-10-22,25.9,119.9,33.3
100163,3,2015-11-25,26.3,131.2,50.4
100163,4,2025-10-02,25.4,134.3,49.4
100164,2,2005-12-09,,106.3,41.7
100164,3,2015-11-28,23.7,126.2,47.8
100164,4,2025-10-06,28.6,149.6,45.6
100165,1,1995-07-01,26.1,,44.7
100165,3,2015-08-08,26.2,121.0,39.7
100166,1,1995-09-21,25.9,121.1,51.5
100166,2,2005-11-23,21.9,135.7,52.8
100166,3,2015-07-05,24.9,133.6,47.7
100166,4,2025-09-15,27.1,146.2,36.6
100167,1,1995-10-23,25.0,112.8,47.7
100167,2,2005-11-30,25.6,117.6,37.0
100167,3,2015-10-26,26.7,117.8,42.6
100167,4,2025-09-24,25.3,128.5,41.0
100168,1,1995-11-27,17.4,125.5,52.0
100168,2,2005-10-07,21.5,108.6,54.7
100168,3,2015-09-18,21.2,133.1,47.2
100168,4,2025-09-01,22.6,135.1,44.7
100169,1,1995-12-08,26.4,133.9,59.7
100169,2,2005-08-10,19.8,110.5,54.7
100169,3,2015-11-29,27.0,130.5,51.0
100169,4,2025-12-22,26.4,116.4,60.3
100170,1,1995-07-01,25.5,,
100170,2,2005-08-02,24.5,117.8,52.5
100170,3,2015-07-31,23.8,128.4,54.0
100170,4,2025-12-18,29.4,132.3,54.3
100171,2,2005-12-05,23.1,113.7,53.5
100171,3,2015-12-15,25.0,102.9,47.3
100171,4,2025-11-21,19.4,135.5,58.1
100172,1,1995-08-12,,118.0,42.1
100172,2,2005-07-26,26.9,104.5,56.2
100172,3,2015-08-09,24.8,112.7,57.5
100172,4,2025-07-21,25.0,154.0,35.0
100173,1,1995-10-16,25.4,115.7,41.3
100173,2,2005-11-30,28.0,145.5,57.8
100173,3,2015-12-02,21.7,105.7,64.8
100173,4,2025-09-13,,140.1,51.7
100174,1,1995-10-22,21.6,129.3,49.4
100174,2,2005-07-20,23.4,110.6,62.9
100174,3,2015-11-13,19.8,133.5,52.8
100174,4,2025-11-01,23.0,124.3,53.9
100175,1,1995-10-31,18.0,113.3,43.8
100175,2,2005-07-14,24.6,150.3,49.5
100175,3,2015-07-20,24.2,92.1,49.3
100175,4,2025-09-05,29.6,143.2,40.2
100176,1,1995-11-16,16.4,121.6,47.1
100176,2,2005-08-02,23.5,118.3,27.7
100176,3,2015-08-04,26.5,,48.4
100177,1,1995-09-01,21.8,117.4,52.8
100177,2,2005-09-12,24.4,124.3,29.0
100177,3,2015-10-22,27.6,130.9,39.1
100177,4,2025-08-10,28.7,132.6,55.5
100178,1,1995-11-09,20.9,136.1,41.0
100178,2,2005-11-21,,125.6,44.8
100178,3,2015-09-09,22.2,112.6,
100179,1,1995-11-07,20.4,102.9,30.5
100179,2,2005-08-22,17.9,104.1,59.7
100179,4,2025-11-28,21.9,135.3,61.2
100180,2,2005-11-23,21.8,120.9,41.9
100180,3,2015-11-29,29.7,118.7,55.9
100180,4,2025-12-18,28.4,134.1,
100181,1,1995-10-01,24.7,101.0,57.6
100181,2,2005-07-27,20.8,121.6,51.3
100181,3,2015-12-06,24.9,144.2,
100181,4,2025-10-17,30.6,149.4,45.5
100182,1,1995-07-22,27.6,104.0,67.6
100182,2,2005-11-25,27.4,143.5,60.3
100182,3,2015-07-15,24.2,120.7,51.1
100182,4,2025-09-02,33.0,141.9,55.7
100183,1,1995-09-27,27.8,86.2,59.6
100184,1,1995-12-08,28.0,116.0,55.7
100184,2,2005-07-09,23.1,113.1,66.2
100184,4,2025-10-10,21.5,,55.5
100185,1,1995-10-10,24.9,109.4,59.1
100185,2,2005-12-18,21.5,108.6,31.8
100185,3,2015-07-12,25.5,122.4,34.7
100185,4,2025-08-21,19.5,127.5,52.4
100186,1,1995-08-12,15.1,116.2,56.5
100186,2,2005-11-21,21.2,115.9,30.2
100186,3,2015-07-26,23.0,131.1,49.2
100186,4,2025-11-23,24.9,132.3,35.4
100187,1,1995-12-10,23.3,133.8,48.5
100187,2,2005-11-22,24.3,,36.7
100187,3,2015-11-18,27.9,115.2,40.7
100188,1,1995-12-21,20.5,138.0,41.2
100188,3,2015-07-02,27.7,122.6,38.2
100188,4,2025-08-23,24.2,127.2,37.2
100189,1,1995-10-04,29.2,,
100189,2,2005-07-04,23.0,129.3,72.5
100189,3,2015-10-09,27.5,130.8,42.3
100189,4,2025-12-15,26.2,133.7,45.0
100190,1,1995-12-27,24.5,116.2,38.3
100190,3,2015-10-07,31.1,129.1,50.6
100190,4,2025-10-07,26.0,109.4,46.2
100191,1,1995-08-16,27.2,130.0,
100191,2,2005-09-05,30.8,130.7,
100191,3,2015-11-27,25.5,132.7,64.5
100192,1,1995-09-10,22.8,127.8,38.6
100192,2,2005-11-08,21.7,,59.1
100192,3,2015-11-29,29.1,131.9,29.0
100192,4,2025-11-02,27.7,144.0,32.6
100193,1,1995-09-17,24.5,112.4,49.8
100193,2,2005-12-10,26.7,111.2,68.4
100193,3,2015-08-02,27.9,118.3,49.7
100193,4,2025-09-20,29.3,125.6,50.9
100194,1,1995-08-21,25.0,110.6,59.3
100194,3,2015-08-04,20.0,133.9,50.6
100194,4,2025-09-26,22.2,124.9,52.4
100195,1,1995-08-02,22.9,,38.3
100195,2,2005-11-12,24.5,102.8,51.9
100195,3,2015-07-26,19.2,130.2,53.7
100195,4,2025-11-01,25.1,133.1,48.2
100196,1,1995-12-08,19.0,110.2,50.8
100196,3,2015-11-16,20.1,117.9,50.3
100197,1,1995-07-03,24.9,120.3,60.6
100197,2,2005-09-13,28.6,114.9,42.1
100197,3,2015-10-06,24.8,123.2,35.4
100197,4,2025-10-01,24.7,126.4,32.5
100198,1,1995-07-19,22.8,121.2,75.3
100198,2,2005-08-31,20.2,125.8,32.0
100198,3,2015-09-04,,146.6,38.6
100199,1,1995-07-30,23.2,117.0,54.5
100199,2,2005-12-26,26.2,124.9,33.3
100199,3,2015-10-20,24.5,111.2,58.8
100199,4,2025-11-17,27.5,128.9,50.4
100200,1,1995-07-10,24.4,119.4,60.9
100200,2,2005-12-28,26.3,127.6,41.4
100200,3,2015-12-26,25.6,123.2,53.6
100200,4,2025-09-10,28.1,138.4,43.2
100201,1,1995-10-24,24.3,127.0,45.4
100201,2,2005-10-14,22.2,125.5,50.9
100201,3,2015-09-10,27.1,132.8,65.0
100201,4,2025-12-24,28.3,126.9,60.8
100202,1,1995-11-05,17.4,100.1,47.6
100202,2,2005-08-01,19.1,140.3,43.9
100202,3,2015-12-02,25.1,121.1,53.1
100203,1,1995-11-11,21.5,113.2,70.9
100203,2,2005-08-17,20.4,120.5,41.2
100203,3,2015-11-18,27.8,128.0,36.4
100203,4,2025-09-12,27.2,136.3,36.4
100204,1,1995-12-14,25.8,116.9,49.2
100204,2,2005-11-13,22.2,100.3,50.1
100204,3,2015-11-09,26.6,,43.3
100205,1,1995-08-09,23.5,108.8,56.0
100205,2,2005-09-16,23.6,99.6,47.4
100205,3,2015-09-02,30.0,132.8,60.6
100205,4,2025-12-08,25.1,,53.1
100206,1,1995-08-04,22.4,120.6,46.2
100206,2,2005-08-08,27.4,110.2,56.9
100206,3,2015-09-20,27.0,124.2,44.5
100206,4,2025-09-16,25.9,121.4,44.2
100207,1,1995-08-15,23.1,120.0,70.4
100207,2,2005-12-27,24.4,125.9,63.2
100207,3,2015-07-15,28.2,118.2,
100208,1,1995-10-15,28.1,101.5,53.4
100208,2,2005-08-06,24.5,118.7,48.2
100208,4,2025-11-14,27.4,,60.1
100209,1,1995-12-07,21.5,108.5,44.1
100209,2,2005-10-10,23.2,102.0,52.3
100209,3,2015-08-08,21.1,113.1,49.1
100209,4,2025-08-30,26.8,140.7,48.9
100210,1,1995-09-02,21.4,87.1,52.2
100210,2,2005-11-30,24.3,131.0,59.7
100210,3,2015-07-18,31.0,123.1,41.9
100211,1,1995-09-03,24.6,121.7,48.5
100211,2,2005-07-31,23.7,131.8,40.5
100211,3,2015-09-04,23.2,131.3,52.4
100211,4,2025-09-28,22.8,141.3,48.8
100212,1,1995-12-19,23.7,110.9,50.7
100212,2,2005-08-11,18.4,124.9,53.8
100212,3,2015-11-19,22.9,123.0,35.8
100212,4,2025-07-03,28.2,142.9,47.1
100213,1,1995-11-23,26.2,120.9,46.5
100213,2,2005-07-08,19.3,119.6,73.0
100213,3,2015-09-24,23.6,117.0,37.8
100213,4,2025-12-03,29.4,127.6,41.9
100214,1,1995-12-15,31.9,121.6,
100214,2,2005-11-05,19.5,104.5,53.9
100214,3,2015-08-15,27.3,144.7,56.1
100214,4,2025-10-11,28.0,140.7,
100215,1,1995-11-12,20.6,132.5,42.0
100215,2,2005-07-02,25.3,98.1,56.1
100215,3,2015-07-01,25.9,144.3,48.0
100215,4,2025-10-22,24.4,148.1,67.7
100216,1,1995-08-22,23.6,97.3,64.6
100216,2,2005-10-15,28.1,,58.0
100216,3,2015-10-14,25.4,128.9,40.3
100216,4,2025-10-06,30.7,153.8,61.0
100217,1,1995-11-15,17.5,127.0,46.9
100217,2,2005-10-09,27.0,,45.6
100217,3,2015-12-13,29.5,,57.8
100218,1,1995-09-27,25.3,89.9,53.5
100218,2,2005-11-10,27.9,155.3,46.7
100218,3,2015-10-14,27.8,135.8,59.3
100218,4,2025-11-14,25.4,122.2,56.7
100219,1,1995-10-11,23.8,113.9,55.7
100219,2,2005-10-25,25.6,108.6,44.6
100219,3,2015-11-05,26.2,117.2,40.5
100220,1,1995-12-03,17.6,125.9,43.9
100220,3,2015-12-19,25.1,120.2,32.2
100220,4,2025-12-04,,127.7,48.3
100221,1,1995-08-09,24.5,116.6,39.0
100221,2,2005-10-06,31.7,109.2,44.2
100222,1,1995-07-14,22.9,125.5,54.8
100222,2,2005-07-29,30.7,,61.6
100222,3,2015-11-08,24.0,,54.2
100222,4,2025-11-20,26.8,130.0,54.5
100223,1,1995-07-08,21.7,124.4,56.4
100223,2,2005-07-07,27.2,113.5,53.3
100223,3,2015-08-10,24.5,140.8,43.1
100223,4,2025-08-09,18.3,150.5,42.4
100224,1,1995-08-15,20.0,108.7,54.7
100224,2,2005-12-08,25.6,109.1,37.4
100224,3,2015-12-05,24.7,103.6,59.0
100224,4,2025-10-31,26.1,122.5,
100225,1,1995-12-18,24.0,110.4,55.5
100225,2,2005-10-04,26.3,107.3,43.1
100225,3,2015-12-08,27.8,114.4,50.5
100225,4,2025-12-02,30.8,136.7,44.3
100226,1,1995-10-01,19.7,108.0,37.5
100226,2,2005-12-28,21.5,94.6,64.6
100226,3,2015-07-14,27.7,135.2,33.8
100226,4,2025-10-31,30.3,121.1,62.0
100227,1,1995-07-24,23.0,104.6,44.1
100227,2,2005-11-12,23.0,107.3,40.4
100227,3,2015-12-15,23.9,117.2,57.1
100228,1,1995-11-22,25.4,100.2,46.2
100228,2,2005-11-14,30.2,109.1,36.5
100228,3,2015-12-21,29.1,,55.7
100229,1,1995-07-14,22.9,100.5,39.5
100229,3,2015-09-02,25.4,130.5,48.2
100229,4,2025-12-18,27.3,145.3,23.9
100230,2,2005-07-02,21.1,137.5,60.3
100230,3,2015-07-12,29.8,113.8,32.7
100231,1,1995-10-17,27.2,108.7,61.9
100231,2,2005-11-11,26.9,123.7,45.9
100231,3,2015-09-14,21.9,126.7,53.0
100231,4,2025-07-04,29.1,117.2,55.2
100232,1,1995-10-18,21.4,101.5,54.9
100232,2,2005-07-31,23.3,126.9,59.7
100232,3,2015-12-17,26.7,132.0,51.7
100232,4,2025-11-20,26.7,110.9,
100233,1,1995-11-05,20.3,105.6,51.4
100233,2,2005-10-20,26.4,113.8,56.3
100233,3,2015-09-08,29.5,118.7,57.4
100233,4,2025-07-22,19.2,117.7,31.3
100234,1,1995-12-20,24.1,102.2,35.9
100234,2,2005-07-22,19.5,103.3,45.3
100234,3,2015-09-07,23.3,120.0,56.3
100234,4,2025-07-13,28.7,121.0,54.0
100235,1,1995-08-28,26.2,112.8,56.8
100235,2,2005-09-06,25.4,117.1,65.5
100235,3,2015-09-25,28.2,120.7,54.1
100235,4,2025-11-08,24.3,136.0,60.1
100236,1,1995-11-12,29.7,127.3,49.3
100236,2,2005-11-20,21.6,114.0,42.7
100236,3,2015-10-06,22.3,137.9,40.6
100237,1,1995-11-04,17.8,114.4,45.4
100237,2,2005-08-06,24.7,124.5,69.1
100237,4,2025-07-14,28.9,154.4,34.7
100238,1,1995-09-25,22.9,109.1,65.2
100238,2,2005-07-28,,116.6,53.1
100238,3,2015-07-11,26.7,,32.5
100238,4,2025-12-07,28.1,128.5,57.2
100239,1,1995-09-17,24.5,96.6,52.2
100239,2,2005-12-18,24.8,118.0,52.5
100239,3,2015-09-25,28.2,120.8,39.6
100239,4,2025-10-12,27.0,159.5,60.1
100240,1,1995-07-16,24.3,130.1,59.6
100240,2,2005-07-01,29.3,118.9,47.6
100240,3,2015-10-28,25.5,104.4,40.3
100240,4,2025-12-23,33.9,150.8,44.1
100241,1,1995-12-20,22.2,120.7,52.2
100241,4,2025-11-18,26.2,128.1,58.3
100242,1,1995-12-02,23.8,107.1,71.6
100242,2,2005-08-12,30.8,117.5,
100242,4,2025-10-15,26.0,137.7,54.3
100243,1,1995-11-02,27.4,132.0,60.1
100243,2,2005-08-21,25.3,137.0,40.1
100243,4,2025-11-21,21.0,122.6,59.5
100244,1,1995-11-19,,114.3,46.0
100244,2,2005-11-19,30.4,117.2,51.7
100244,3,2015-10-26,24.6,122.7,61.1
100244,4,2025-07-11,28.2,150.7,37.6
100245,1,1995-09-11,20.5,101.6,42.1
100245,2,2005-10-28,23.3,106.5,42.8
100245,3,2015-11-26,22.8,136.2,61.8
100245,4,2025-07-16,23.1,139.2,57.6
100246,1,1995-10-30,25.0,116.4,49.9
100246,2,2005-09-29,24.6,111.4,47.5
100246,3,2015-10-29,24.4,134.4,44.9
100246,4,2025-07-10,27.2,129.6,66.6
100247,1,1995-10-09,20.2,125.0,56.6
100247,2,2005-09-12,19.5,110.8,60.6
100247,3,2015-12-07,21.7,129.4,63.8
100247,4,2025-09-28,29.3,129.8,35.2
100248,1,1995-08-30,23.5,112.2,29.9
100248,2,2005-10-30,28.3,111.5,34.7
100248,3,2015-11-23,25.2,,49.3
100248,4,2025-12-06,28.4,150.1,49.0
100249,1,1995-11-24,19.0,122.1,61.8
100249,2,2005-07-22,28.3,124.0,54.6
100249,3,2015-09-03,26.6,128.4,51.9
100249,4,2025-09-29,28.5,136.8,34.3
100250,1,1995-11-15,24.7,126.7,55.1
100250,2,2005-08-27,26.8,113.5,52.4
100250,3,2015-09-27,25.2,124.9,57.5
100251,1,1995-07-23,24.1,109.4,49.3
100251,2,2005-10-24,17.2,129.3,56.5
100251,3,2015-07-27,26.7,118.7,46.6
100251,4,2025-07-20,27.2,138.4,51.1
100252,1,1995-12-09,24.9,131.2,71.2
100252,2,2005-10-19,15.0,119.8,61.0
100252,3,2015-10-09,27.3,125.0,54.5
100253,1,1995-11-01,23.4,96.3,37.7
100253,2,2005-07-20,26.4,118.4,44.2
100253,3,2015-07-13,23.7,123.4,61.9
100253,4,2025-07-12,24.5,135.1,32.6
100254,1,1995-12-27,19.4,112.1,47.2
100254,2,2005-07-27,24.2,111.8,50.0
100254,3,2015-10-08,23.9,140.5,48.8
100254,4,2025-11-13,24.0,119.4,66.2
100255,1,1995-07-09,24.8,114.7,53.3
100255,2,2005-11-28,22.0,136.4,43.6
100255,3,2015-07-09,26.8,142.5,31.6
100255,4,2025-11-06,21.9,141.1,36.0
100256,1,1995-11-22,18.8,115.4,43.1
100256,2,2005-09-02,27.7,100.1,46.3
100256,3,2015-09-09,25.7,131.0,57.2
100256,4,2025-11-22,22.5,104.1,52.4
100257,1,1995-08-11,24.6,103.4,42.2
100257,2,2005-09-28,25.0,111.8,43.4
100257,4,2025-09-12,27.2,123.0,50.7
100258,1,1995-12-09,24.4,126.0,39.8
100258,2,2005-10-24,22.9,100.0,65.2
100258,3,2015-07-18,24.6,134.9,49.2
100258,4,2025-07-08,27.5,125.0,56.4
100259,1,1995-09-15,,,61.7
100259,2,2005-08-03,20.8,140.6,53.9
100259,3,2015-09-24,19.8,123.2,48.3
100260,1,1995-11-21,19.4,,30.8
100260,2,2005-08-28,,119.7,61.7
100260,3,2015-07-20,28.5,135.5,44.2
100261,1,1995-07-30,19.5,123.3,32.5
100261,2,2005-07-02,29.4,101.5,53.3
100261,3,2015-07-20,33.3,128.3,
100261,4,2025-09-26,30.0,117.5,56.8
100262,1,1995-10-31,22.8,127.7,56.0
100262,2,2005-09-07,22.4,121.0,46.0
100262,3,2015-11-21,24.8,129.0,41.8
100262,4,2025-09-01,19.1,134.9,47.7
100263,1,1995-07-15,19.9,114.7,52.5
100263,2,2005-08-27,26.0,112.7,57.0
100263,3,2015-12-17,26.1,108.8,52.4
100263,4,2025-09-04,26.4,139.2,53.6
100264,1,1995-09-11,27.8,115.8,38.9
100264,2,2005-12-16,27.8,124.6,63.3
100264,3,2015-11-23,25.5,135.4,43.4
100264,4,2025-09-04,,,70.2
100265,1,1995-09-29,27.2,101.7,60.2
100265,2,2005-10-30,25.3,103.9,
100266,1,1995-12-16,25.3,127.9,69.2
100266,2,2005-08-08,26.5,,50.2
100266,3,2015-09-11,27.3,123.3,33.1
100267,1,1995-08-18,21.8,111.0,37.6
100267,2,2005-08-04,27.9,128.3,59.5
100267,3,2015-08-23,26.3,123.4,40.0
100267,4,2025-09-12,21.2,136.7,45.5
100268,1,1995-09-27,21.1,127.8,31.1
100268,2,2005-12-05,20.4,117.1,33.6
100268,3,2015-08-05,27.6,147.6,40.5
100268,4,2025-10-21,24.4,141.7,53.6
100269,1,1995-07-01,23.3,118.7,46.5
100269,2,2005-12-21,28.7,142.4,48.3
100269,3,2015-10-19,22.6,140.0,37.0
100269,4,2025-07-14,30.2,122.6,55.8
100270,1,1995-10-28,23.1,120.2,43.7
100270,2,2005-10-08,24.4,126.1,42.0
100270,3,2015-11-10,29.5,112.8,31.8
100270,4,2025-08-23,,112.9,
100271,1,1995-11-17,21.9,115.0,44.2
100271,3,2015-08-23,29.5,125.3,34.2
100272,1,1995-12-15,20.9,111.5,42.5
100272,2,2005-09-03,25.5,137.9,51.5
100272,3,2015-12-16,27.1,123.2,35.1
100272,4,2025-08-10,,135.0,45.9
100273,1,1995-08-11,26.2,92.7,49.6
100273,2,2005-07-18,29.1,123.1,54.1
100273,3,2015-07-17,22.7,106.0,52.0
100274,1,1995-12-23,23.0,112.4,51.6
100274,2,2005-12-04,24.1,115.1,
100274,3,2015-07-06,27.1,126.9,31.0
100274,4,2025-11-15,26.4,132.1,47.6
100275,1,1995-10-15,35.1,106.5,56.9
100275,2,2005-09-18,25.5,93.3,37.0
100275,3,2015-08-11,22.9,151.6,46.8
100276,1,1995-11-09,23.6,,
100276,2,2005-08-15,26.9,120.3,41.9
100276,4,2025-09-01,19.6,124.3,44.1
100277,1,1995-08-29,20.7,117.7,39.6
100277,2,2005-10-01,23.7,129.0,50.2
100277,3,2015-07-11,27.8,137.5,75.0
100277,4,2025-09-05,23.1,139.8,52.5
100278,1,1995-07-31,23.2,126.7,60.2
100278,3,2015-11-17,29.2,154.8,36.8
100278,4,2025-12-12,28.0,120.9,55.8
100279,1,1995-09-17,24.2,117.5,41.4
100279,2,2005-11-10,22.0,87.2,
100279,3,2015-08-23,27.3,119.7,44.6
100279,4,2025-07-19,28.3,140.3,60.6
100280,1,1995-11-30,25.0,120.7,49.5
100280,2,2005-08-27,28.6,108.9,53.5
100280,3,2015-08-25,23.1,129.1,45.1
100280,4,2025-07-11,19.3,124.4,37.5
100281,1,1995-12-20,17.5,118.3,59.7
100281,2,2005-07-08,26.1,104.6,43.2
100281,3,2015-07-12,24.2,123.2,45.2
100281,4,2025-07-02,27.7,133.9,61.0
100282,1,1995-12-02,24.1,121.8,56.6
100282,2,2005-07-17,19.9,119.9,37.0
100282,3,2015-11-12,31.0,124.5,44.4
100283,1,1995-12-21,27.7,,69.4
100283,2,2005-12-09,23.8,110.8,45.3
100284,1,1995-08-23,18.3,96.4,50.5
100284,2,2005-10-01,17.7,113.5,34.2
100284,3,2015-11-08,28.9,131.7,51.5
100285,1,1995-12-22,24.2,97.4,59.4
100285,2,2005-08-22,23.2,112.9,37.9
100285,3,2015-09-11,19.2,129.0,39.1
100286,1,1995-08-02,18.9,115.1,37.0
100286,2,2005-11-29,25.0,128.2,58.1
100286,3,2015-08-07,26.1,133.8,55.8
100286,4,2025-07-17,31.7,127.1,39.2
100287,1,1995-11-29,22.7,112.3,54.8
100287,2,2005-08-27,24.5,111.2,58.4
100287,3,2015-11-01,28.1,137.7,35.6
100287,4,2025-08-30,27.8,124.3,48.4
100288,1,1995-07-16,23.6,124.1,
100288,2,2005-11-28,26.7,114.2,47.7
100288,4,2025-10-28,26.8,,51.5
100289,1,1995-09-27,18.0,112.2,42.3
100289,2,2005-09-09,21.6,110.2,41.0
100289,4,2025-09-15,26.5,132.0,42.4
100290,1,1995-12-20,21.2,134.4,53.0
100290,2,2005-07-09,23.0,134.1,36.2
100290,3,2015-08-13,,150.9,62.0
100290,4,2025-09-29,28.4,134.4,53.2
100291,1,1995-07-16,20.8,111.0,69.5
100291,2,2005-09-15,25.8,118.3,40.7
100291,3,2015-08-07,31.8,139.5,54.6
100291,4,2025-09-18,27.2,126.3,60.8
100292,1,1995-08-20,24.6,121.5,37.4
100292,2,2005-10-06,21.8,115.7,55.4
100292,3,2015-07-18,28.2,136.6,32.6
100293,1,1995-09-28,24.8,111.5,49.5
100293,2,2005-12-13,27.5,111.2,53.0
100293,3,2015-09-27,26.7,139.0,58.4
100293,4,2025-12-03,32.3,120.7,47.4
100294,1,1995-12-12,18.6,97.0,43.4
100294,2,2005-10-03,21.4,132.7,81.1
100294,3,2015-07-13,19.7,123.1,49.4
100294,4,2025-09-10,28.0,122.5,45.3
100295,1,1995-10-10,,104.9,44.3
100295,2,2005-07-10,,98.9,69.1
100295,3,2015-08-31,26.0,140.0,52.3
100295,4,2025-10-22,29.4,146.2,47.1
100296,1,1995-12-10,20.3,93.6,52.7
100296,3,2015-08-23,30.2,119.6,68.5
100296,4,2025-12-06,21.8,140.6,48.5
100297,1,1995-11-11,23.5,112.3,53.8
100297,2,2005-11-01,22.7,119.1,62.7
100297,3,2015-10-21,31.2,127.6,45.5
100298,1,1995-11-27,26.3,125.1,44.5
100298,2,2005-09-16,22.8,124.6,33.5
100298,3,2015-07-29,24.2,121.5,54.0
100299,1,1995-09-15,23.4,137.7,64.0
100299,2,2005-11-01,23.5,109.2,71.2
100299,3,2015-08-06,22.4,117.8,63.9
100299,4,2025-10-13,25.0,131.6,36.5
100300,1,1995-07-03,25.6,122.6,49.2
100300,2,2005-08-15,24.8,113.8,
100300,4,2025-09-08,21.1,110.2,43.7
100301,1,1995-09-16,20.4,123.4,52.8
100301,2,2005-08-30,23.3,91.9,43.7
100301,3,2015-09-13,33.1,122.5,54.5
100301,4,2025-09-02,26.8,156.0,
100302,1,1995-11-10,26.1,117.0,56.7
100302,2,2005-12-24,27.9,131.5,35.7
100302,4,2025-07-31,29.4,130.1,39.0
100303,1,1995-10-21,22.5,118.3,53.0
100303,2,2005-11-01,30.8,112.4,
100303,3,2015-07-14,29.7,135.6,63.5
100303,4,2025-12-20,18.3,122.3,50.5
100304,1,1995-10-25,23.1,107.2,56.9
100304,2,2005-11-15,20.2,126.8,43.6
100304,3,2015-08-11,24.6,139.0,49.4
100305,1,1995-07-29,23.7,129.0,47.9
100305,2,2005-09-13,30.5,139.9,42.8
100306,1,1995-10-01,26.4,136.4,51.3
100306,2,2005-10-26,26.5,132.0,59.5
100306,3,2015-11-29,26.8,127.3,68.9
100307,1,1995-12-11,24.1,100.8,50.4
100307,2,2005-09-23,19.8,,50.5
100307,3,2015-07-26,25.4,141.4,46.9
100307,4,2025-12-26,20.8,117.3,61.3
100308,1,1995-08-05,20.7,110.1,32.2
100308,2,2005-11-30,25.4,109.2,28.0
100308,3,2015-07-27,25.0,118.8,39.9
100308,4,2025-12-06,23.0,138.8,38.6
100309,1,1995-09-25,21.2,131.4,
100309,2,2005-11-19,21.2,127.5,20.6
100309,3,2015-10-16,27.6,122.7,42.9
100310,1,1995-10-21,23.1,108.2,39.9
100310,2,2005-08-22,16.2,119.8,37.4
100310,3,2015-09-29,23.5,143.7,46.8
100310,4,2025-09-24,23.9,138.1,52.1
100311,1,1995-12-08,24.8,102.1,65.4
100311,2,2005-10-03,21.9,105.4,59.2
100311,3,2015-09-11,31.9,123.5,57.3
100311,4,2025-08-27,27.7,118.2,39.3
100312,1,1995-09-04,27.7,130.1,51.2
100312,2,2005-12-02,22.0,122.0,
100312,3,2015-11-19,22.5,129.5,49.9
100313,1,1995-07-05,,100.7,45.1
100313,2,2005-08-25,26.1,107.3,
100313,3,2015-11-18,27.1,122.0,50.5
100313,4,2025-07-28,24.4,124.4,62.2
100314,1,1995-12-13,28.7,88.1,
100314,2,2005-12-14,26.5,125.8,57.1
100314,3,2015-10-27,22.8,132.5,55.9
100314,4,2025-09-22,29.7,112.5,49.0
100315,1,1995-10-23,26.8,,54.9
100315,2,2005-11-09,19.0,121.3,54.5
100315,3,2015-10-01,24.1,135.0,51.3
100315,4,2025-08-28,24.1,144.9,
100316,1,1995-07-02,25.7,132.2,65.4
100316,2,2005-11-23,20.2,96.8,45.6
100316,3,2015-07-23,31.2,139.9,64.0
100317,1,1995-10-04,24.7,129.0,48.4
100317,2,2005-08-04,26.2,,49.9
100317,4,2025-11-09,23.4,134.3,40.7
100318,1,1995-10-06,20.0,118.2,51.1
100318,2,2005-12-13,26.1,,63.2
100318,3,2015-08-20,23.8,117.1,52.7
100318,4,2025-09-23,25.8,125.7,53.2
100319,1,1995-08-14,22.7,110.4,37.7
100319,2,2005-11-24,25.1,129.3,
100319,3,2015-08-27,23.0,130.6,43.6
100320,1,1995-07-27,25.3,106.0,46.4
100320,2,2005-08-23,19.2,129.5,54.4
100320,3,2015-07-06,23.4,,54.3
100320,4,2025-10-24,25.3,,38.7
100321,1,1995-07-11,19.5,115.0,36.0
100321,2,2005-11-05,22.3,107.1,53.1
100321,3,2015-09-30,20.1,112.3,55.8
100321,4,2025-12-13,27.5,137.4,47.5
100322,1,1995-09-25,25.3,122.2,63.6
100322,2,2005-08-02,27.5,120.5,48.5
100322,3,2015-11-14,26.9,102.0,56.9
100323,1,1995-10-09,,112.7,
100323,2,2005-08-14,22.8,116.2,77.7
100323,3,2015-12-11,,135.6,47.7
100323,4,2025-11-21,22.9,146.4,64.3
100324,1,1995-10-20,23.8,130.7,50.5
100324,2,2005-10-29,28.9,127.9,
100324,3,2015-11-23,23.1,146.6,
100324,4,2025-11-10,26.2,121.7,28.1
100325,1,1995-11-18,21.5,113.9,34.9
100325,2,2005-09-01,18.4,106.2,53.7
100325,3,2015-10-12,27.4,130.0,39.3
100325,4,2025-07-17,26.2,155.1,60.6
100326,1,1995-10-18,24.4,111.8,46.8
100326,2,2005-11-16,23.6,132.0,47.2
100326,3,2015-12-09,21.2,133.8,50.8
100326,4,2025-10-17,24.4,114.8,48.0
100327,1,1995-12-05,23.6,99.5,64.8
100327,2,2005-08-13,20.1,119.5,38.6
100327,4,2025-07-17,25.5,134.4,42.4
100328,1,1995-11-26,21.9,105.4,50.5
100328,2,2005-10-10,18.6,132.1,48.3
100328,3,2015-11-05,23.3,113.5,50.0
100328,4,2025-12-03,23.7,142.0,45.9
100329,1,1995-07-02,20.2,133.7,56.2
100329,2,2005-07-31,29.1,131.0,43.0
100329,3,2015-08-22,21.2,126.8,40.6
100329,4,2025-08-26,,141.9,40.3
100330,1,1995-08-01,26.1,117.4,80.0
100330,2,2005-10-12,28.9,129.9,67.7
100330,4,2025-12-17,29.8,,56.2
100331,1,1995-08-13,20.2,114.5,29.9
100331,2,2005-11-27,29.2,113.8,46.0
100331,3,2015-11-22,24.7,,36.7
100332,1,1995-10-28,19.3,131.5,53.5
100332,2,2005-11-04,,131.9,41.1
100332,3,2015-10-24,21.2,,68.6
100333,1,1995-11-05,19.7,113.3,52.6
100333,2,2005-07-16,18.9,130.7,40.7
100333,3,2015-08-06,26.2,133.6,46.5
100333,4,2025-07-15,23.3,150.8,76.9
100334,1,1995-10-25,21.5,105.6,69.7
100334,2,2005-07-23,26.9,138.6,46.2
100334,3,2015-11-08,,119.8,44.3
100334,4,2025-12-11,25.9,137.7,62.6
100335,1,1995-11-16,23.9,116.4,65.7
100335,2,2005-07-13,27.8,132.2,53.3
100335,3,2015-09-23,24.6,138.6,54.1
100335,4,2025-11-17,26.3,144.9,48.5
100336,1,1995-09-15,21.2,117.1,43.5
100336,3,2015-07-18,25.8,121.6,49.0
100336,4,2025-11-18,23.3,115.6,53.7
100337,1,1995-11-28,24.9,121.4,59.4
100337,2,2005-08-28,20.5,117.5,48.7
100337,3,2015-12-23,26.1,157.4,71.0
100337,4,2025-07-06,33.1,135.5,51.1
100338,1,1995-07-07,23.5,97.9,46.6
100338,2,2005-09-12,29.0,114.0,34.2
100338,3,2015-07-24,23.2,118.9,42.1
100338,4,2025-08-11,29.9,130.9,46.0
100339,1,1995-08-23,21.4,119.0,60.7
100339,2,2005-10-26,27.6,118.0,55.2
100339,3,2015-10-02,27.2,130.1,60.1
100340,1,1995-08-29,24.3,112.7,46.3
100340,2,2005-08-10,25.6,,42.2
100340,3,2015-07-17,24.8,152.4,23.8
100340,4,2025-07-02,28.6,148.3,40.6
100341,1,1995-10-15,29.3,113.4,62.1
100341,2,2005-08-10,20.3,119.4,55.8
100341,3,2015-12-12,26.5,125.1,53.4
100341,4,2025-11-17,20.9,124.2,41.6
100342,1,1995-12-21,16.6,132.5,64.0
100342,3,2015-12-18,22.6,133.1,40.8
100342,4,2025-10-07,26.9,139.8,
100343,1,1995-09-06,27.4,113.3,51.8
100343,2,2005-07-25,26.8,112.7,55.6
100343,3,2015-08-14,29.1,124.6,42.7
100344,2,2005-11-04,21.3,110.0,49.7
100344,3,2015-12-11,23.1,113.8,45.4
100344,4,2025-11-08,23.6,141.3,54.4
100345,1,1995-11-17,25.2,101.8,36.0
100345,2,2005-09-26,23.4,96.2,43.6
100345,3,2015-11-28,27.6,133.5,50.9
100345,4,2025-09-10,29.4,117.1,61.5
100346,1,1995-10-29,25.3,102.9,53.3
100346,2,2005-10-20,24.4,121.9,54.9
100346,3,2015-09-21,32.0,129.2,43.0
100346,4,2025-07-07,,133.9,48.8
100347,1,1995-09-30,26.9,99.2,30.7
100347,2,2005-08-14,27.0,140.7,48.2
100347,3,2015-12-06,21.0,131.7,48.6
100347,4,2025-07-22,26.2,124.9,47.6
100348,1,1995-07-28,20.9,108.3,47.5
100348,2,2005-07-05,23.6,106.9,32.4
100348,3,2015-11-03,28.8,130.8,44.4
100348,4,2025-10-14,24.7,147.0,51.1
100349,1,1995-12-10,21.6,97.5,47.9
100349,2,2005-07-13,23.8,120.5,61.8
100349,3,2015-12-23,27.7,126.8,43.0
100349,4,2025-10-23,27.5,137.2,61.3
100350,1,1995-08-17,20.8,90.6,46.0
100350,2,2005-08-29,23.4,113.4,28.8
100350,3,2015-10-20,29.0,,40.6
100350,4,2025-11-26,24.5,142.6,44.7
100351,1,1995-08-26,28.2,109.7,49.0
100351,2,2005-08-25,25.7,116.4,67.1
100351,3,2015-12-25,24.1,111.3,33.5
100352,2,2005-11-19,24.8,122.0,57.7
100352,4,2025-12-15,26.4,140.1,37.0
100353,1,1995-07-13,24.5,116.9,40.2
100353,2,2005-10-10,22.4,121.0,30.8
100353,3,2015-10-29,23.6,139.6,57.5
100353,4,2025-10-13,24.2,138.9,49.1
100354,1,1995-08-09,20.3,106.4,62.5
100354,2,2005-11-27,23.1,,51.6
100354,3,2015-09-28,22.9,119.0,58.5
100355,1,1995-10-31,24.2,129.2,49.5
100356,1,1995-10-18,24.9,120.2,38.6
100356,2,2005-08-04,20.3,135.5,52.0
100356,3,2015-10-26,24.6,124.6,58.3
100357,1,1995-07-30,28.9,115.3,37.6
100357,2,2005-11-19,,123.2,34.5
100357,3,2015-12-05,23.9,93.3,50.2
100357,4,2025-11-21,27.9,146.8,54.2
100358,1,1995-07-21,19.8,119.4,64.8
100358,2,2005-10-12,27.1,116.4,50.0
100358,3,2015-10-13,23.9,115.3,58.9
100358,4,2025-11-04,23.4,115.2,64.6
100359,2,2005-09-16,28.4,129.5,49.2
100359,3,2015-12-02,25.6,139.4,67.9
100359,4,2025-08-30,23.2,135.1,71.7
100360,1,1995-10-21,23.0,100.9,42.8
100360,2,2005-12-08,24.7,121.3,41.1
100360,3,2015-10-23,24.4,141.5,47.5
100360,4,2025-07-19,29.2,149.1,53.7
100361,1,1995-08-07,24.4,112.3,26.3
100361,2,2005-09-19,31.7,127.6,64.8
100361,3,2015-11-01,26.2,112.0,61.7
100361,4,2025-09-21,21.1,143.7,47.3
100362,1,1995-12-11,24.3,111.6,64.7
100362,2,2005-10-01,25.9,108.6,37.4
100362,3,2015-12-01,28.6,125.1,45.8
100362,4,2025-11-08,28.9,160.1,51.5
100363,1,1995-09-30,25.3,113.1,50.2
100363,2,2005-10-08,20.3,105.6,53.5
100363,3,2015-09-14,24.5,,54.7
100364,1,1995-07-27,27.5,108.1,
100364,2,2005-07-17,23.1,,39.5
100364,3,2015-08-12,23.6,126.7,43.3
100364,4,2025-08-12,25.1,136.9,46.8
100365,1,1995-11-24,21.3,,39.3
100365,2,2005-10-25,23.3,115.7,56.2
100365,4,2025-07-11,24.4,127.3,64.9
100366,1,1995-11-25,22.5,132.9,73.0
100366,2,2005-10-01,25.2,125.3,47.3
100366,4,2025-08-13,25.0,133.1,39.5
100367,1,1995-10-31,25.6,111.9,38.5
100367,2,2005-07-31,24.7,134.6,56.1
100367,3,2015-10-13,20.6,121.5,68.6
100367,4,2025-11-25,26.7,136.6,50.2
100368,1,1995-11-29,23.3,95.4,
100368,2,2005-09-24,26.0,132.0,43.6
100368,3,2015-12-09,23.3,126.1,55.3
100368,4,2025-10-08,31.9,115.7,50.1
100369,1,1995-11-26,26.4,,35.4
100369,2,2005-08-05,22.1,126.7,60.6
100369,3,2015-09-06,30.1,126.0,55.4
100369,4,2025-07-12,21.7,128.3,56.7
100370,1,1995-12-27,27.2,106.4,30.4
100370,2,2005-08-11,,123.8,43.7
100370,3,2015-10-28,25.5,,45.8
100370,4,2025-08-11,25.7,129.2,38.1
100371,1,1995-09-21,30.6,110.6,48.1
100371,2,2005-11-19,17.3,135.5,35.2
100371,3,2015-08-10,28.9,127.5,50.5
100372,1,1995-08-13,22.4,105.0,47.7
100372,2,2005-07-28,,146.3,56.7
100372,3,2015-08-05,31.0,144.8,31.0
100372,4,2025-11-16,,128.7,46.4
100373,1,1995-09-08,21.4,97.8,48.1
100373,2,2005-09-14,25.0,133.5,55.5
100373,3,2015-09-10,23.2,110.5,51.6
100373,4,2025-09-06,27.7,,49.8
100374,1,1995-12-18,19.6,116.5,44.6
100374,2,2005-07-19,27.4,127.3,46.8
100374,3,2015-10-26,26.9,120.8,54.3
100374,4,2025-09-25,27.5,118.9,45.3
100375,1,1995-09-03,21.8,107.8,60.1
100375,2,2005-11-05,20.8,105.2,50.8
100375,3,2015-12-19,27.8,129.3,47.9
100376,1,1995-11-17,23.1,119.5,58.5
100376,2,2005-10-27,28.2,117.4,61.3
100376,4,2025-09-05,29.0,126.9,66.3
100377,1,1995-07-01,19.4,105.4,59.1
100377,2,2005-10-17,27.2,114.7,44.5
100377,3,2015-09-29,,123.7,47.5
100378,1,1995-07-08,26.4,101.1,56.2
100378,2,2005-08-27,26.4,120.4,40.7
100378,3,2015-08-26,29.4,116.7,
100378,4,2025-09-26,30.0,143.1,51.2
100379,1,1995-11-09,22.3,129.0,33.2
100379,2,2005-11-21,29.4,136.5,55.0
100379,3,2015-09-15,30.3,100.1,66.6
100379,4,2025-10-11,27.8,112.7,40.3
100380,1,1995-11-16,27.3,107.8,54.9
100380,2,2005-09-20,,123.0,55.0
100380,3,2015-11-27,22.9,129.2,25.1
100381,1,1995-09-13,30.7,103.1,58.0
100381,2,2005-07-25,25.4,99.8,56.3
100381,3,2015-08-29,24.4,109.6,59.6
100381,4,2025-11-17,25.6,135.9,54.4
100382,1,1995-07-14,22.1,113.6,54.5
100382,2,2005-08-31,27.1,97.7,35.9
100382,3,2015-09-15,26.5,107.9,61.5
100382,4,2025-12-26,28.9,144.7,38.0
100383,1,1995-10-27,22.4,117.0,50.7
100383,2,2005-10-09,23.8,98.6,48.7
100383,3,2015-10-26,31.2,131.8,58.1
100383,4,2025-10-26,23.5,150.8,50.6
100384,1,1995-09-04,25.6,103.2,52.7
100384,2,2005-10-12,21.6,143.9,51.4
100384,4,2025-10-21,24.7,128.3,39.7
100385,1,1995-08-28,27.8,94.3,44.8
100385,2,2005-10-02,25.1,104.3,46.0
100385,3,2015-09-29,25.8,131.6,41.8
100386,1,1995-07-15,,108.4,46.2
100386,2,2005-09-22,23.2,142.7,63.8
100386,3,2015-08-30,,132.1,31.3
100387,1,1995-08-10,19.2,,51.5
100387,2,2005-11-24,26.2,,55.2
100387,3,2015-12-26,24.7,135.6,54.3
100387,4,2025-12-08,28.2,115.7,30.8
100388,1,1995-11-04,23.5,110.2,38.6
100388,2,2005-12-09,25.1,114.1,35.6
100388,3,2015-09-20,25.0,139.6,
100388,4,2025-08-22,25.0,147.4,55.1
100389,1,1995-09-20,26.2,109.1,45.7
100389,2,2005-11-21,25.2,106.2,48.7
100389,4,2025-12-03,26.2,137.6,57.8
100390,1,1995-11-21,23.6,102.2,59.1
100390,2,2005-12-19,27.4,102.7,50.0
100390,3,2015-09-25,28.3,99.0,
100390,4,2025-09-27,25.7,134.1,65.8
100391,1,1995-11-19,24.4,119.2,50.3
100391,2,2005-09-19,21.1,123.4,29.6
100391,3,2015-09-28,25.3,123.8,52.2
100391,4,2025-09-12,27.5,134.7,41.9
100392,1,1995-09-24,28.8,121.9,43.5
100392,2,2005-09-02,32.2,109.2,48.4
100392,3,2015-08-17,22.7,143.7,39.4
100392,4,2025-09-13,28.9,125.0,38.1
100393,1,1995-10-30,16.4,123.3,44.1
100393,2,2005-11-22,23.5,135.2,51.1
100393,3,2015-08-01,26.1,134.2,59.2
100393,4,2025-07-10,31.2,132.4,42.0
100394,1,1995-11-07,21.2,106.5,53.2
100394,2,2005-07-15,23.4,127.4,46.4
100394,3,2015-11-25,31.8,125.6,48.8
100394,4,2025-11-06,27.2,132.9,
100395,2,2005-07-18,18.9,113.0,56.7
100395,3,2015-07-14,26.0,,66.5
100396,1,1995-11-26,21.4,107.0,64.1
100396,2,2005-10-25,26.9,85.2,24.7
100396,4,2025-09-27,25.5,142.8,55.5
100397,1,1995-07-22,25.6,125.6,47.2
100397,2,2005-12-08,19.0,111.8,65.4
100397,3,2015-12-05,35.2,113.7,48.8
100398,1,1995-10-20,22.0,,46.0
100398,3,2015-10-22,29.0,136.4,59.7
100398,4,2025-08-30,29.9,140.9,74.9
100399,1,1995-07-12,26.3,110.4,32.3
100399,2,2005-11-04,22.6,126.0,53.0
100399,3,2015-10-27,28.6,145.9,53.3
100399,4,2025-10-07,27.7,130.1,57.5
100400,1,1995-07-10,24.3,102.9,40.7
100400,2,2005-09-26,22.5,113.3,45.3
100400,3,2015-12-15,20.1,,58.0
100400,4,2025-11-05,29.3,119.1,60.2
100401,1,1995-09-23,27.9,136.5,61.8
100401,2,2005-11-08,21.1,129.9,45.2
100401,3,2015-09-16,28.6,125.9,53.2
100402,1,1995-10-01,22.2,102.0,43.7
100402,2,2005-08-27,23.2,123.1,39.7
100402,3,2015-12-10,27.5,149.0,49.8
100402,4,2025-10-18,24.4,153.3,48.3
100403,1,1995-07-04,21.1,125.3,50.4
100403,2,2005-10-30,27.4,126.9,71.4
100403,3,2015-12-04,25.4,122.5,37.2
100403,4,2025-10-17,29.7,141.5,48.5
100404,1,1995-09-09,19.0,91.6,60.4
100404,2,2005-10-20,25.3,124.1,50.4
100404,3,2015-09-06,21.1,120.0,50.2
100404,4,2025-07-25,23.2,132.6,33.8
100405,1,1995-07-30,23.9,118.0,61.1
100405,2,2005-11-14,26.9,113.1,45.0
100405,3,2015-12-17,26.3,122.4,60.6
100406,1,1995-12-02,,103.2,60.9
100406,2,2005-08-03,28.1,125.8,
100406,3,2015-11-27,25.4,125.2,44.0
100407,1,1995-08-20,25.0,112.5,50.6
100407,2,2005-09-13,23.3,120.2,
100407,3,2015-09-18,24.2,123.2,41.3
100407,4,2025-07-26,23.9,127.2,31.9
100408,1,1995-10-11,21.1,114.5,48.2
100408,3,2015-07-26,28.6,100.6,73.5
100408,4,2025-12-09,27.9,119.0,46.5
100409,1,1995-12-15,16.1,105.1,44.5
100409,2,2005-07-13,27.7,121.0,45.5
100409,4,2025-08-01,29.3,128.5,35.4
100410,1,1995-12-27,19.7,123.5,77.9
100410,2,2005-09-17,24.8,118.3,40.5
100410,3,2015-07-04,28.6,123.3,65.1
100410,4,2025-12-25,22.7,124.0,49.1
100411,1,1995-12-25,15.0,108.6,59.1
100411,2,2005-12-12,22.8,120.4,65.3
100411,3,2015-07-11,23.9,120.3,54.6
100411,4,2025-10-31,28.1,129.7,51.0
100412,1,1995-12-28,23.3,119.6,57.3
100412,2,2005-10-17,25.0,96.8,52.3
100412,3,2015-08-20,27.0,125.0,49.5
100412,4,2025-11-11,23.1,132.8,71.4
100413,1,1995-12-28,,104.8,36.1
100413,2,2005-07-12,25.8,,46.3
100413,3,2015-11-08,24.8,98.7,44.0
100413,4,2025-07-19,30.0,119.1,30.6
100414,1,1995-11-12,21.4,121.5,57.3
100414,2,2005-11-06,23.3,115.0,
100414,3,2015-10-22,26.4,143.4,57.0
100414,4,2025-09-26,31.7,140.0,50.9
100415,1,1995-09-15,26.0,114.5,39.9
100415,3,2015-09-23,22.2,121.7,48.3
100416,1,1995-10-09,23.8,,63.8
100416,2,2005-12-24,25.5,132.9,60.9
100416,3,2015-09-10,28.3,131.2,47.0
100416,4,2025-08-31,23.2,137.0,57.2
100417,1,1995-07-14,31.6,127.9,40.2
100417,2,2005-08-06,23.5,124.9,42.8
100417,3,2015-10-31,29.0,125.3,58.7
100417,4,2025-07-27,23.6,133.2,
100418,1,1995-08-21,24.7,120.8,57.8
100418,2,2005-12-24,,124.1,64.5
100418,3,2015-12-13,23.2,127.6,
100418,4,2025-10-06,27.3,155.3,50.4
100419,1,1995-07-15,25.3,130.6,47.1
100419,3,2015-10-26,28.0,128.8,55.3
100420,1,1995-11-27,24.0,130.5,48.9
100420,2,2005-09-28,29.1,110.3,34.7
100420,3,2015-08-29,28.3,140.6,49.7
100421,1,1995-11-08,24.3,119.9,36.5
100421,2,2005-09-22,,119.7,43.1
100421,3,2015-12-18,27.4,112.3,62.4
100422,1,1995-08-18,25.5,115.8,
100422,2,2005-10-10,24.0,117.1,67.1
100422,3,2015-12-03,21.3,130.2,34.1
100422,4,2025-11-29,23.0,118.8,38.0
100423,1,1995-11-18,28.8,109.5,66.8
100423,2,2005-09-18,18.5,98.9,46.5
100423,3,2015-10-07,31.3,137.6,51.4
100423,4,2025-09-16,28.7,134.3,67.8
100424,1,1995-11-30,21.5,114.6,
100424,2,2005-11-26,23.2,118.2,59.6
100424,3,2015-08-02,25.7,133.2,64.3
100424,4,2025-07-03,25.0,135.3,52.7
100425,1,1995-08-05,20.9,106.9,53.3
100425,2,2005-07-20,24.6,126.9,53.6
100425,3,2015-07-09,22.8,145.3,28.3
100425,4,2025-11-18,27.0,141.3,59.9
100426,1,1995-08-08,19.3,113.1,40.9
100426,2,2005-07-15,24.4,127.4,57.7
100426,3,2015-07-05,,118.4,56.6
100426,4,2025-12-19,24.9,148.5,54.6
100427,1,1995-08-16,25.3,102.5,37.9
100427,2,2005-08-08,23.3,130.2,59.1
100427,3,2015-07-21,30.5,105.7,39.9
100427,4,2025-08-20,28.5,133.8,57.5
100428,1,1995-09-08,26.8,126.6,55.2
100428,2,2005-08-24,25.1,125.0,56.3
100428,3,2015-09-02,24.3,123.2,26.5
100429,1,1995-12-02,25.1,111.4,49.2
100429,2,2005-09-22,25.0,123.3,39.9
100429,3,2015-10-11,23.8,134.2,43.3
100429,4,2025-09-22,31.1,140.7,53.5
100430,1,1995-07-07,20.1,121.6,44.7
100430,2,2005-09-16,22.9,110.2,51.3
100430,3,2015-09-13,27.0,117.5,57.8
100430,4,2025-12-23,28.4,131.6,55.0
100431,1,1995-07-28,25.2,120.6,52.6
100431,2,2005-10-31,22.2,122.9,57.7
100431,3,2015-11-28,25.5,112.2,55.1
100431,4,2025-08-12,22.9,140.9,48.1
100432,1,1995-09-21,23.6,113.3,51.4
100432,2,2005-10-29,26.6,123.9,63.9
100432,3,2015-08-09,24.9,112.0,67.2
100432,4,2025-07-01,31.5,141.7,64.1
100433,1,1995-11-19,24.7,109.5,43.6
100433,2,2005-08-25,26.0,132.1,41.7
100433,3,2015-08-16,24.5,148.4,54.8
100433,4,2025-09-20,34.8,124.0,42.8
100434,1,1995-07-03,20.4,119.7,42.1
100434,2,2005-10-04,29.2,,62.6
100434,4,2025-08-04,25.7,127.8,40.6
100435,1,1995-10-13,23.1,132.5,
100435,2,2005-12-04,23.2,117.4,
100435,3,2015-11-28,25.2,122.2,44.8
100435,4,2025-12-06,30.1,140.6,
100436,1,1995-07-21,25.1,118.5,42.0
100436,2,2005-11-16,21.7,145.4,66.8
100437,1,1995-11-27,19.4,95.9,55.3
100437,2,2005-12-01,23.8,125.1,61.7
100437,3,2015-10-27,27.1,124.3,58.2
100438,1,1995-11-17,19.8,113.3,51.5
100438,2,2005-12-13,24.2,137.0,68.0
100438,3,2015-12-17,32.9,132.1,37.8
100439,1,1995-08-31,22.9,92.7,51.3
100439,2,2005-11-30,21.1,,56.7
100439,3,2015-10-04,27.5,132.3,59.1
100439,4,2025-11-23,27.2,134.1,48.1
100440,1,1995-08-13,23.1,103.8,57.5
100440,2,2005-10-02,25.6,100.2,54.3
100440,3,2015-07-24,24.6,129.6,35.7
100440,4,2025-08-24,24.3,130.8,48.7
100441,1,1995-08-02,25.1,126.6,42.7
100441,2,2005-08-07,26.8,132.3,52.2
100441,3,2015-11-24,25.3,,56.9
100442,1,1995-12-16,25.5,141.3,59.7
100442,2,2005-10-23,28.1,106.3,53.9
100442,3,2015-11-04,25.4,130.9,41.7
100442,4,2025-10-30,30.2,122.8,29.6
100443,1,1995-10-24,26.5,118.1,37.0
100443,2,2005-12-28,21.4,126.0,
100443,3,2015-12-11,24.8,136.5,60.0
100444,1,1995-07-02,24.0,109.7,42.3
100444,2,2005-09-02,26.0,127.5,56.5
100444,3,2015-12-05,24.5,129.9,48.6
100445,1,1995-11-23,25.5,110.4,44.9
100445,2,2005-11-25,30.1,116.8,60.8
100445,3,2015-09-23,21.9,120.1,44.4
100445,4,2025-12-05,21.6,129.9,63.4
100446,1,1995-07-18,24.1,117.6,36.1
100446,2,2005-10-15,20.1,118.3,
100447,1,1995-07-29,25.9,110.5,61.2
100447,2,2005-08-07,22.9,106.3,59.0
100447,3,2015-12-20,24.6,117.1,59.4
100447,4,2025-10-22,32.0,158.7,44.8
100448,1,1995-08-28,22.1,119.0,59.3
100448,2,2005-10-29,25.0,127.2,56.2
100448,3,2015-11-03,23.6,136.2,43.5
100448,4,2025-09-29,28.7,137.0,51.8
100449,1,1995-10-11,31.0,108.4,41.6
100449,2,2005-10-18,25.0,130.7,55.2
100449,3,2015-08-13,26.8,121.6,49.6
100449,4,2025-09-06,26.7,129.8,56.3
100450,1,1995-09-10,26.6,85.2,50.0
100450,2,2005-10-26,18.9,120.8,65.8
100450,4,2025-08-26,22.7,135.8,56.2
100451,1,1995-11-08,25.6,,68.4
100451,2,2005-08-17,30.7,132.4,44.6
100451,3,2015-07-29,29.6,125.9,51.7
100452,1,1995-10-09,30.3,134.5,53.1
100452,2,2005-07-03,27.8,131.8,61.5
100452,3,2015-09-04,19.8,133.5,50.8
100452,4,2025-10-12,27.3,123.0,55.5
100453,1,1995-07-16,25.0,81.2,54.7
100453,2,2005-09-15,22.5,119.6,59.4
100453,3,2015-08-14,28.1,127.4,61.5
100453,4,2025-09-20,22.0,132.8,46.6
100454,1,1995-08-03,25.9,105.9,51.2
100454,2,2005-10-23,27.0,130.2,40.8
100454,3,2015-12-26,28.2,123.7,72.8
100454,4,2025-11-20,22.5,133.5,47.5
100455,1,1995-10-25,22.2,112.7,57.7
100455,3,2015-07-18,27.1,116.6,32.9
100455,4,2025-11-30,22.9,120.3,29.4
100456,1,1995-07-11,24.0,133.0,55.2
100456,2,2005-07-12,26.8,113.4,55.3
100456,3,2015-11-19,23.5,146.9,55.4
100456,4,2025-12-23,26.7,133.7,44.2
100457,1,1995-10-10,23.0,115.5,42.2
100457,2,2005-09-20,22.2,123.0,68.8
100457,3,2015-12-14,19.4,127.7,54.2
100458,2,2005-07-15,23.2,142.2,43.2
100458,4,2025-10-09,27.1,141.9,53.0
100459,1,1995-09-21,20.8,146.5,44.2
100459,2,2005-08-07,21.8,104.9,22.6
100459,3,2015-08-12,26.5,124.8,43.4
100459,4,2025-07-15,20.0,152.8,41.6
100460,1,1995-11-24,16.7,111.9,64.0
100460,2,2005-09-29,28.5,124.0,68.4
100460,3,2015-09-18,24.6,121.2,56.9
100460,4,2025-07-06,28.0,113.7,55.8
100461,1,1995-08-25,23.8,109.0,43.0
100461,2,2005-09-22,17.0,124.0,73.1
100461,3,2015-12-05,27.6,125.1,31.0
100461,4,2025-12-24,25.7,141.2,41.3
100462,1,1995-07-17,23.8,124.3,55.0
100462,2,2005-10-15,25.6,134.0,49.7
100462,3,2015-11-06,24.8,107.2,60.0
100462,4,2025-08-26,26.3,124.8,55.9
100463,1,1995-10-09,23.9,117.8,49.6
100463,2,2005-09-07,23.9,121.3,42.3
100463,3,2015-07-27,26.3,138.2,37.0
100463,4,2025-08-01,24.9,115.7,43.8
100464,1,1995-07-06,26.9,104.2,63.1
100464,2,2005-07-13,22.3,109.5,50.5
100464,3,2015-12-18,24.7,151.6,54.9
100464,4,2025-09-25,27.4,145.8,55.4
100465,1,1995-09-27,23.4,107.7,46.2
100465,2,2005-09-28,25.5,130.4,56.3
100465,3,2015-10-09,26.9,131.6,45.0
100465,4,2025-07-21,25.2,131.6,45.6
100466,1,1995-11-04,25.3,98.7,23.0
100466,2,2005-08-02,22.2,134.6,34.2
100466,3,2015-11-10,24.0,,62.9
100466,4,2025-08-19,18.1,122.4,60.3
100467,1,1995-10-12,23.3,132.5,51.6
100467,2,2005-12-07,22.2,122.2,47.8
100467,3,2015-07-07,24.1,114.1,51.2
100467,4,2025-07-13,29.3,118.6,53.1
100468,2,2005-09-09,23.1,106.9,
100468,4,2025-07-26,,136.7,50.4
100469,1,1995-09-01,23.1,116.3,50.9
100469,2,2005-09-28,22.3,116.8,38.7
100469,3,2015-08-17,23.9,143.0,50.1
100470,1,1995-12-06,26.7,122.9,
100470,2,2005-12-15,25.6,114.9,68.2
100470,3,2015-10-01,23.6,,43.6
100470,4,2025-11-03,32.6,129.9,54.6
100471,1,1995-07-25,,130.0,70.7
100471,2,2005-07-29,29.5,,
100471,3,2015-10-22,25.5,131.3,49.4
100471,4,2025-11-06,30.7,129.5,69.1
100472,1,1995-11-11,24.0,104.5,54.1
100472,2,2005-08-09,24.1,127.5,48.9
100472,3,2015-07-08,28.0,98.2,45.3
100472,4,2025-10-10,32.4,,50.7
100473,1,1995-08-22,20.7,112.0,50.0
100473,2,2005-11-25,27.3,111.2,55.8
100473,3,2015-07-25,,127.8,58.6
100473,4,2025-10-09,27.9,115.9,47.1
100474,1,1995-08-06,24.9,115.9,53.6
100474,2,2005-11-01,31.2,128.6,49.4
100474,3,2015-10-28,23.1,117.0,54.4
100474,4,2025-10-19,26.6,142.5,49.3
100475,1,1995-08-16,18.3,109.5,
100475,2,2005-12-22,23.9,132.9,55.0
100475,3,2015-12-28,24.1,,44.5
100475,4,2025-08-06,21.0,159.1,48.8
100476,1,1995-11-19,21.2,119.7,36.6
100476,2,2005-12-07,22.4,104.2,48.7
100476,3,2015-09-23,31.1,131.8,53.1
100476,4,2025-08-23,28.7,135.9,50.5
100477,1,1995-12-28,28.6,124.8,30.7
100477,2,2005-07-23,,133.0,72.0
100477,3,2015-12-23,28.1,,49.4
100477,4,2025-09-04,22.2,130.6,53.0
100478,2,2005-07-15,24.8,109.1,44.4
100478,3,2015-10-21,26.0,121.2,66.6
100478,4,2025-12-14,25.6,117.6,61.1
100479,1,1995-12-28,,111.8,56.2
100479,2,2005-12-27,28.7,116.8,46.9
100479,3,2015-11-27,23.2,141.3,49.3
100479,4,2025-10-27,26.7,158.4,43.1
100480,1,1995-08-08,24.6,119.9,
100480,2,2005-11-23,30.8,149.5,52.6
100480,3,2015-08-16,22.7,150.9,60.0
100480,4,2025-12-11,25.5,147.1,42.4
100481,1,1995-12-14,23.6,,34.4
100481,2,2005-10-05,24.5,131.4,
100481,3,2015-12-24,22.7,116.7,61.8
100481,4,2025-10-30,30.3,,53.4
100482,1,1995-12-17,22.1,,45.6
100482,2,2005-08-29,26.3,112.6,45.5
100482,3,2015-07-28,26.9,141.2,44.5
100482,4,2025-11-12,22.2,120.3,
100483,1,1995-09-21,24.8,,70.0
100483,2,2005-07-25,26.0,133.7,52.1
100483,3,2015-08-13,29.7,123.2,43.9
100483,4,2025-07-07,21.1,133.0,59.5
100484,1,1995-10-26,27.6,89.9,43.5
100484,2,2005-12-24,17.4,117.7,64.3
100484,3,2015-07-14,27.1,120.3,51.4
100484,4,2025-08-10,33.3,132.0,35.9
100485,1,1995-11-02,15.5,109.6,66.9
100485,2,2005-11-26,25.0,134.4,61.9
100485,3,2015-10-28,29.1,121.2,56.6
100485,4,2025-10-15,26.6,135.1,44.7
100486,1,1995-09-16,21.1,116.5,52.5
100486,2,2005-09-10,,120.9,56.8
100486,3,2015-11-22,26.1,119.7,56.0
100487,1,1995-08-04,22.0,133.2,65.4
100487,2,2005-08-13,23.7,115.7,58.2
100487,3,2015-09-21,30.4,113.9,40.7
100487,4,2025-09-11,29.9,,65.6
100488,1,1995-10-07,21.8,119.0,59.5
100488,2,2005-11-29,25.7,130.6,34.2
100488,3,2015-11-19,23.0,126.0,28.8
100488,4,2025-07-04,24.8,118.0,59.3
100489,1,1995-07-30,26.0,109.9,56.6
100489,2,2005-10-05,21.2,128.4,59.3
100490,1,1995-09-26,23.0,121.7,62.0
100490,2,2005-07-18,25.2,125.4,51.2
100490,3,2015-07-23,29.6,122.7,46.0
100491,1,1995-09-03,23.3,110.7,64.9
100491,2,2005-09-26,21.7,115.8,45.2
100491,4,2025-11-10,26.9,142.3,60.5
100492,1,1995-11-16,24.1,114.6,28.3
100492,2,2005-10-27,26.8,109.7,54.7
100492,3,2015-11-13,25.0,132.3,47.9
100493,1,1995-08-14,23.0,110.7,46.5
100493,2,2005-10-15,22.9,110.5,53.9
100493,3,2015-09-29,31.7,126.6,62.6
100493,4,2025-11-20,24.9,125.9,46.1
100494,1,1995-11-10,21.4,102.4,43.8
100494,2,2005-07-16,24.3,93.2,65.6
100494,3,2015-12-11,27.2,108.3,54.5
100494,4,2025-07-31,23.5,146.0,43.7
100495,1,1995-07-10,18.9,118.2,46.6
100495,3,2015-11-14,19.7,143.3,
100495,4,2025-07-16,30.9,140.8,44.3
100496,1,1995-07-23,23.5,110.2,44.0
100496,2,2005-10-19,23.0,127.1,34.4
100496,3,2015-10-03,27.6,106.4,50.9
100496,4,2025-07-17,26.2,112.3,45.1
100497,1,1995-10-15,18.2,109.9,56.7
100497,2,2005-12-09,27.4,121.2,39.8
100497,3,2015-10-05,23.7,128.7,50.7
100497,4,2025-09-11,22.9,124.7,35.0
100498,1,1995-12-02,22.5,112.3,43.9
100498,2,2005-11-20,20.9,134.4,55.4
100498,3,2015-10-02,30.5,116.2,45.9
100498,4,2025-09-11,23.8,123.7,33.7
100499,1,1995-11-24,21.5,101.4,48.1
100499,2,2005-11-12,21.5,116.1,
100499,3,2015-11-05,35.4,134.0,41.0
100499,4,2025-07-31,27.1,116.8,71.5
100500,1,1995-11-28,26.8,117.8,45.9
100500,2,2005-08-20,22.7,104.8,
100500,3,2015-07-31,20.6,115.6,43.4
100500,4,2025-10-09,28.0,127.3,48.5
100501,1,1995-08-24,25.7,117.4,38.9
100501,2,2005-12-18,23.3,112.1,72.2
100501,3,2015-08-01,24.4,138.0,46.8
100501,4,2025-12-24,26.3,128.3,61.4
100502,1,1995-08-17,24.8,107.8,48.5
100502,2,2005-11-14,23.2,111.2,44.3
100502,3,2015-08-09,29.5,132.3,59.1
100502,4,2025-08-11,30.8,140.3,47.5
100503,1,1995-10-26,22.5,109.0,55.8
100503,2,2005-07-27,26.4,124.7,68.8
100503,3,2015-12-01,24.9,151.3,56.7
100503,4,2025-11-29,23.7,129.2,51.7
100504,1,1995-07-01,26.4,117.8,46.6
100504,2,2005-09-04,23.6,112.5,47.2
100505,1,1995-12-10,31.9,113.3,45.7
100505,2,2005-09-18,23.6,135.7,49.0
100505,3,2015-10-19,31.8,127.2,48.1
100505,4,2025-07-01,24.3,111.8,
100506,1,1995-08-14,32.3,126.5,42.6
100506,2,2005-12-02,22.5,134.0,60.0
100506,3,2015-11-04,29.6,123.7,36.0
100506,4,2025-09-29,26.7,,51.8
100507,1,1995-10-09,25.9,110.7,61.4
100507,2,2005-07-25,25.1,146.9,47.4
100507,3,2015-10-04,25.4,143.0,46.5
100507,4,2025-10-24,25.6,134.0,43.3
100508,1,1995-07-16,25.0,117.9,
100508,3,2015-11-18,,125.6,43.6
100508,4,2025-07-29,,137.5,47.7
100509,1,1995-11-21,27.5,116.6,63.7
100509,2,2005-11-27,20.9,128.3,42.1
100509,3,2015-07-26,26.8,110.5,32.0
100509,4,2025-11-07,27.9,125.5,51.5
100510,1,1995-12-27,22.0,98.6,51.0
100510,3,2015-10-27,27.6,120.3,41.6
100510,4,2025-07-13,22.2,137.0,
100511,1,1995-12-14,17.6,122.5,
100511,2,2005-08-10,24.8,108.2,46.3
100511,3,2015-12-19,26.8,124.8,51.1
100511,4,2025-08-15,29.1,127.5,40.4
100512,1,1995-07-10,21.4,113.3,53.2
100512,2,2005-11-21,22.9,129.3,59.1
100512,4,2025-11-21,22.2,134.4,55.4
100513,1,1995-07-04,25.7,123.0,47.3
100513,2,2005-09-11,23.5,114.7,53.2
100513,4,2025-09-20,21.7,139.1,38.3
100514,1,1995-12-15,27.1,104.8,53.1
100514,2,2005-07-28,24.9,119.3,60.2
100514,3,2015-11-28,20.1,95.0,29.5
100514,4,2025-09-17,27.4,135.7,57.1
100515,1,1995-08-07,28.4,112.4,52.4
100515,2,2005-09-01,24.1,150.6,53.5
100515,3,2015-07-09,25.3,108.7,51.9
100515,4,2025-08-10,33.7,,53.3
100516,1,1995-12-03,24.1,111.0,56.8
100516,3,2015-07-07,31.6,135.9,42.1
100516,4,2025-11-13,25.6,150.4,45.0
100517,1,1995-09-06,23.2,100.8,49.0
100517,2,2005-09-20,28.2,108.3,40.9
100517,3,2015-09-10,20.5,120.5,40.4
100517,4,2025-10-30,29.5,130.5,31.0
100518,2,2005-07-07,26.6,112.5,42.1
100518,3,2015-08-08,22.3,136.7,49.8
100518,4,2025-07-06,23.3,139.8,30.5
100519,1,1995-08-03,22.2,110.7,57.3
100519,2,2005-10-01,21.4,123.0,37.8
100519,3,2015-07-02,26.7,119.4,61.7
100519,4,2025-12-21,29.9,137.4,33.3
100520,1,1995-09-18,24.1,112.4,38.6
100520,2,2005-12-25,20.8,,52.4
100520,3,2015-07-07,24.7,142.5,47.7
100520,4,2025-07-09,28.7,136.2,56.5
100521,1,1995-10-15,23.4,,67.4
100521,2,2005-07-04,31.6,118.6,60.9
100521,3,2015-11-10,27.1,142.3,72.6
100521,4,2025-09-08,28.2,128.5,57.2
100522,1,1995-07-10,26.0,129.5,51.1
100522,2,2005-07-14,23.7,115.8,59.4
100522,3,2015-10-27,28.3,117.8,45.5
100522,4,2025-10-23,26.0,143.2,48.5
100523,1,1995-10-16,22.9,108.5,73.1
100523,3,2015-09-28,26.0,123.8,61.6
100524,1,1995-12-15,24.9,129.6,47.2
100524,2,2005-09-13,21.8,101.8,39.2
100524,3,2015-08-21,25.1,131.6,61.5
100524,4,2025-08-04,29.1,157.5,64.7
100525,1,1995-10-15,26.1,135.7,43.2
100525,2,2005-12-08,21.9,105.3,49.1
100525,4,2025-10-25,33.0,134.9,45.5
100526,1,1995-10-08,21.1,119.0,71.3
100526,2,2005-07-12,22.0,126.5,48.1
100526,3,2015-08-22,30.3,124.4,47.5
100527,1,1995-07-26,23.7,121.7,47.9
100527,2,2005-11-17,32.8,129.8,
100527,3,2015-10-08,26.2,143.7,40.6
100527,4,2025-08-16,29.7,119.7,53.5
100528,1,1995-09-01,18.9,120.5,43.3
100528,2,2005-11-06,17.8,136.4,42.8
100528,3,2015-10-10,28.1,126.2,51.7
100528,4,2025-08-19,23.7,147.8,29.9
100529,1,1995-11-24,23.3,107.5,44.2
100529,2,2005-07-02,28.1,,42.1
100529,3,2015-07-25,26.3,115.0,55.9
100529,4,2025-10-17,23.6,138.9,33.8
100530,1,1995-09-18,27.2,106.7,42.5
100530,2,2005-09-15,26.5,114.4,55.9
100530,3,2015-12-03,21.3,137.7,59.9
100530,4,2025-10-07,19.4,146.0,31.2
100531,1,1995-07-22,25.0,122.9,51.3
100531,2,2005-10-30,19.0,,37.8
100531,3,2015-07-05,23.6,153.4,64.6
100531,4,2025-07-29,27.7,133.2,35.1
100532,1,1995-08-21,24.3,120.8,64.7
100532,2,2005-09-28,22.2,118.3,59.4
100532,3,2015-08-24,30.1,123.0,45.5
100533,1,1995-11-29,22.7,121.5,42.4
100533,2,2005-11-07,22.9,129.6,63.6
100533,3,2015-11-01,24.9,140.8,52.7
100533,4,2025-11-15,23.9,143.9,47.4
100534,1,1995-07-28,22.2,99.7,54.6
100534,2,2005-09-06,28.2,118.9,63.4
100534,3,2015-09-27,24.8,128.3,42.3
100534,4,2025-07-03,28.3,125.8,45.6
100535,1,1995-07-31,21.9,130.1,
100535,2,2005-07-13,30.4,115.6,44.5
100535,3,2015-09-09,19.7,141.7,58.4
100535,4,2025-10-16,21.3,123.5,24.1
100536,1,1995-12-26,17.5,112.3,68.8
100536,2,2005-08-05,25.7,123.9,39.3
100536,3,2015-10-16,20.6,131.2,52.5
100537,1,1995-10-28,23.3,113.7,49.4
100537,2,2005-12-09,24.0,109.4,47.8
100537,3,2015-11-16,25.1,127.7,51.1
100538,1,1995-09-01,23.2,108.7,52.9
100538,2,2005-10-11,23.0,138.7,46.8
100538,3,2015-08-24,29.7,,59.4
100538,4,2025-07-30,29.3,126.4,35.5
100539,1,1995-12-05,26.7,118.0,56.6
100539,2,2005-10-17,21.3,96.2,53.0
100539,3,2015-09-20,24.1,123.6,49.2
100539,4,2025-10-08,26.7,134.3,25.5
100540,1,1995-12-15,18.4,125.7,55.2
100540,2,2005-09-17,21.2,108.7,40.9
100540,3,2015-10-10,25.3,132.6,42.1
100540,4,2025-10-15,30.9,143.1,50.9
100541,1,1995-11-16,26.5,122.2,61.3
100541,2,2005-09-03,23.6,93.2,53.7
100541,3,2015-11-21,25.7,126.6,58.1
100541,4,2025-08-12,30.8,125.9,52.3
100542,1,1995-11-25,22.3,116.1,58.8
100542,3,2015-12-25,22.6,116.6,55.1
100542,4,2025-11-17,29.6,138.7,62.0
100543,1,1995-08-20,22.6,100.6,26.6
100543,2,2005-08-21,21.4,125.9,44.8
100543,4,2025-12-12,23.9,141.8,51.5
100544,1,1995-09-11,23.0,115.1,45.6
100544,2,2005-08-24,29.4,103.6,59.6
100544,3,2015-12-22,27.3,135.7,67.3
100544,4,2025-10-15,,127.7,54.9
100545,1,1995-12-13,20.9,118.4,36.4
100545,2,2005-11-29,22.0,129.3,50.3
100545,3,2015-12-06,23.2,130.1,42.1
100546,1,1995-10-13,24.8,121.7,
100546,2,2005-12-11,25.3,124.9,45.3
100546,3,2015-10-14,21.7,121.8,54.7
100546,4,2025-12-22,27.3,116.6,43.6
100547,1,1995-07-30,24.5,121.1,
100547,2,2005-10-11,25.2,100.7,38.5
100547,3,2015-07-15,24.8,124.0,68.9
100548,1,1995-11-14,22.1,112.9,62.8
100548,2,2005-12-23,25.9,119.8,48.3
100548,3,2015-09-16,27.6,128.4,45.1
100548,4,2025-09-28,26.2,145.0,
100549,1,1995-09-05,25.1,,46.8
100549,2,2005-10-11,25.0,112.9,58.3
100549,3,2015-12-25,23.0,123.1,
100549,4,2025-12-03,20.3,129.3,44.8
100550,1,1995-11-15,28.7,105.9,55.5
100550,2,2005-11-24,23.5,110.4,26.9
100550,3,2015-08-21,26.1,114.8,39.9
100551,1,1995-09-01,19.5,116.0,57.3
100551,2,2005-11-08,21.4,130.5,62.6
100551,3,2015-10-09,29.7,132.6,49.2
100552,1,1995-10-28,18.8,124.1,37.1
100552,2,2005-12-20,17.8,109.6,42.3
100552,3,2015-09-24,26.1,122.8,61.0
100552,4,2025-10-09,25.5,142.2,45.0
100553,1,1995-09-18,31.5,112.2,63.2
100553,2,2005-12-19,25.8,123.3,58.5
100553,3,2015-10-17,26.9,147.4,45.3
100553,4,2025-11-01,27.9,133.8,67.2
100554,1,1995-11-18,24.4,112.6,42.3
100554,2,2005-11-17,20.6,132.4,63.6
100554,3,2015-10-02,28.2,139.3,47.5
100554,4,2025-07-28,24.1,121.4,50.6
100555,1,1995-08-20,29.7,109.5,72.8
100555,2,2005-10-11,22.8,118.7,55.6
100555,3,2015-11-19,23.4,127.3,60.6
100555,4,2025-09-17,27.4,138.2,49.0
100556,1,1995-10-29,27.9,103.0,61.3
100556,2,2005-07-11,25.0,134.9,48.5
100556,3,2015-10-17,26.8,112.8,85.1
100556,4,2025-12-05,23.6,137.5,46.0
100557,1,1995-07-18,22.0,117.6,57.6
100557,2,2005-07-29,20.2,119.9,63.0
100557,3,2015-08-12,29.2,132.2,60.1
100557,4,2025-12-19,22.8,123.7,70.2
100558,1,1995-09-29,28.3,128.1,44.7
100558,2,2005-07-16,21.9,112.5,58.2
100558,3,2015-07-07,25.0,132.3,55.0
100558,4,2025-12-16,24.3,141.3,44.0
100559,1,1995-07-14,28.1,125.5,47.1
100559,2,2005-07-06,26.0,120.4,55.9
100559,3,2015-08-07,22.3,141.8,54.5
100559,4,2025-10-22,29.8,125.7,29.6
100560,1,1995-11-06,27.1,98.1,53.7
100560,2,2005-09-17,22.1,118.1,54.1
100560,3,2015-09-11,26.5,151.7,54.4
100560,4,2025-12-04,26.2,135.0,55.7
100561,1,1995-07-01,18.0,113.6,44.5
100561,2,2005-12-11,30.3,131.6,52.1
100561,4,2025-10-02,30.6,111.3,38.4
100562,1,1995-09-29,18.6,108.7,54.5
100562,2,2005-10-12,19.7,99.8,46.4
100562,3,2015-11-15,22.3,104.6,58.9
100562,4,2025-11-07,26.4,118.8,55.5
100563,1,1995-08-21,22.4,96.4,45.9
100563,2,2005-08-05,22.2,111.2,52.1
100563,3,2015-10-08,26.0,,50.9
100564,1,1995-12-13,21.6,106.7,48.2
100564,2,2005-12-14,22.2,117.7,62.6
100564,3,2015-08-27,27.1,124.5,45.6
100565,1,1995-08-21,29.5,119.8,59.8
100565,2,2005-12-24,30.7,119.2,46.9
100565,4,2025-08-17,23.2,111.5,25.3
100566,1,1995-11-20,20.7,141.8,50.0
100566,2,2005-12-04,21.5,124.1,53.0
100566,3,2015-12-20,23.5,117.9,47.4
100567,1,1995-10-13,25.3,105.7,63.2
100567,2,2005-10-10,28.0,97.1,55.9
100567,3,2015-09-26,26.2,106.7,56.0
100567,4,2025-08-15,24.0,,44.9
100568,1,1995-10-27,26.4,106.3,
100568,3,2015-10-21,31.1,129.3,51.6
100569,1,1995-12-20,24.2,109.5,45.3
100569,2,2005-10-25,22.2,111.3,64.6
100569,3,2015-10-27,25.2,131.6,54.6
100569,4,2025-11-09,25.3,138.6,59.4
100570,1,1995-08-15,18.6,127.7,42.3
100570,2,2005-09-29,24.9,117.8,37.1
100570,3,2015-07-05,23.9,129.8,42.6
100570,4,2025-07-05,25.9,136.4,
100571,1,1995-09-06,29.6,103.7,68.1
100571,2,2005-12-28,24.8,135.3,46.4
100571,3,2015-08-09,24.2,124.3,42.6
100572,1,1995-08-25,26.6,110.0,32.1
100572,2,2005-08-19,24.9,114.1,42.2
100572,3,2015-12-16,26.0,126.7,56.9
100572,4,2025-10-06,26.0,150.3,
100573,1,1995-08-11,19.3,113.0,52.9
100573,2,2005-07-19,21.8,124.2,42.8
100573,3,2015-10-26,21.1,113.5,41.3
100573,4,2025-08-08,25.2,146.7,43.8
100574,1,1995-12-20,21.9,101.5,59.7
100574,2,2005-08-30,29.3,147.7,63.0
100574,4,2025-11-08,23.4,,49.0
100575,1,1995-07-31,26.2,112.0,47.3
100575,2,2005-12-28,27.2,,59.5
100575,3,2015-10-05,22.3,139.6,52.5
100575,4,2025-12-03,30.5,152.9,53.8
100576,1,1995-09-22,23.7,,62.5
100576,2,2005-07-04,20.8,129.1,42.6
100576,4,2025-11-22,24.5,131.1,27.7
100577,1,1995-12-13,17.2,112.5,49.1
100577,2,2005-08-21,29.8,104.3,53.2
100577,3,2015-12-03,25.2,126.3,39.1
100577,4,2025-07-18,24.0,,46.5
100578,1,1995-09-29,27.0,121.4,
100578,2,2005-10-16,20.9,147.1,50.7
100578,4,2025-10-07,19.3,137.3,61.1
100579,1,1995-10-18,32.7,125.4,34.9
100579,2,2005-12-27,24.5,113.4,71.1
100579,3,2015-12-06,26.2,123.3,46.4
100579,4,2025-11-06,29.6,150.1,60.7
100580,1,1995-09-05,,122.2,44.3
100580,2,2005-09-29,27.9,121.5,72.1
100580,3,2015-10-22,24.3,136.6,49.8
100580,4,2025-11-13,19.6,145.2,54.7
100581,1,1995-08-23,24.7,115.3,59.3
100581,2,2005-09-04,27.6,134.6,51.9
100581,3,2015-11-04,25.9,,44.7
100581,4,2025-11-10,27.7,131.9,45.2
100582,1,1995-10-30,26.1,111.9,41.1
100582,2,2005-11-27,18.3,108.5,41.8
100582,3,2015-07-25,26.8,120.3,
100582,4,2025-12-27,26.1,125.2,50.9
100583,1,1995-07-24,25.6,131.9,65.9
100583,2,2005-08-01,20.8,110.2,37.4
100583,3,2015-07-10,26.4,148.1,
100583,4,2025-11-19,23.1,145.9,44.7
100584,1,1995-10-28,22.9,109.2,39.0
100584,2,2005-09-24,24.7,108.6,38.0
100584,3,2015-08-02,23.4,118.1,52.0
100584,4,2025-07-13,25.1,121.7,64.1
100585,1,1995-12-20,24.5,116.5,59.5
100585,2,2005-07-25,24.8,126.4,47.3
100585,3,2015-11-23,30.9,136.3,33.4
100585,4,2025-09-11,23.8,128.9,47.0
100586,1,1995-07-19,21.5,104.0,47.6
100586,2,2005-07-13,21.0,135.9,36.8
100586,3,2015-09-05,24.1,113.8,53.9
100587,1,1995-07-22,24.8,109.4,39.5
100587,2,2005-07-23,29.6,115.9,60.6
100587,3,2015-07-15,22.2,106.1,37.7
100587,4,2025-07-13,27.0,129.0,55.2
100588,1,1995-10-26,25.8,87.6,44.7
100588,2,2005-11-02,25.8,124.9,55.3
100588,3,2015-12-24,27.0,146.9,51.9
100588,4,2025-12-23,25.9,137.9,45.9
100589,1,1995-07-10,21.6,126.2,48.7
100589,2,2005-11-26,25.4,129.0,52.2
100589,3,2015-12-14,27.4,144.1,63.2
100589,4,2025-10-23,33.5,131.2,68.5
100590,1,1995-12-15,27.2,109.9,62.5
100590,2,2005-12-28,24.5,118.2,35.8
100590,3,2015-11-15,26.0,132.1,41.9
100590,4,2025-08-06,27.9,136.7,71.7
100591,1,1995-09-11,25.6,119.2,44.5
100591,2,2005-08-01,20.7,133.5,68.8
100591,3,2015-10-25,22.9,114.7,60.6
100591,4,2025-07-30,23.4,134.8,43.7
100592,1,1995-12-17,30.5,116.8,58.0
100592,2,2005-10-09,26.1,111.2,53.6
100592,4,2025-11-21,21.9,144.7,50.9
100593,1,1995-08-27,18.7,98.2,54.1
100593,2,2005-08-07,21.3,120.7,55.2
100593,3,2015-08-11,25.9,112.8,40.5
100593,4,2025-10-10,27.9,142.1,44.2
100594,1,1995-09-06,28.2,109.0,52.0
100594,2,2005-07-07,17.8,125.5,34.4
100594,3,2015-11-27,30.0,127.3,52.9
100594,4,2025-08-16,23.7,132.2,52.0
100595,1,1995-10-07,26.1,,46.6
100595,2,2005-08-02,24.5,107.9,56.8
100595,3,2015-10-29,25.5,135.0,50.3
100596,1,1995-11-27,20.2,118.9,50.1
100596,2,2005-11-11,25.3,135.2,45.5
100596,3,2015-08-07,26.5,114.7,37.1
100597,1,1995-09-30,27.3,121.6,45.8
100597,2,2005-12-20,23.9,136.9,47.2
100597,3,2015-08-20,28.3,127.7,44.3
100597,4,2025-10-07,21.0,128.8,63.0
100598,1,1995-07-29,23.3,110.0,47.7
100598,2,2005-12-24,28.9,120.2,52.3
100598,3,2015-11-06,25.6,135.1,33.5
100598,4,2025-07-20,25.5,130.3,35.9
100599,1,1995-09-29,30.9,117.1,56.6
100599,2,2005-10-20,20.8,104.0,56.8
100599,3,2015-09-01,22.9,126.7,38.7
100599,4,2025-12-17,28.9,128.7,
100600,1,1995-09-12,24.4,106.5,52.6
100600,2,2005-11-13,23.9,140.9,56.7
100601,1,1995-09-02,20.6,132.1,44.6
100601,2,2005-10-09,31.1,135.5,63.8
100601,3,2015-12-02,20.2,113.3,45.3
100601,4,2025-12-07,24.3,132.4,53.1
100602,1,1995-10-16,21.5,118.2,44.0
100602,2,2005-10-18,27.3,,80.1
100602,3,2015-11-14,26.3,133.9,55.2
100602,4,2025-09-28,27.8,,53.9
100603,1,1995-12-08,23.8,114.0,60.8
100603,2,2005-09-09,27.5,105.2,55.7
100603,3,2015-10-16,24.5,,18.0
100603,4,2025-07-03,27.8,145.3,60.8
100604,1,1995-09-05,20.0,133.1,65.1
100604,2,2005-12-09,26.4,113.3,41.7
100604,3,2015-10-15,25.9,125.5,57.1
100604,4,2025-10-22,25.0,123.8,51.5
100605,1,1995-09-12,24.6,101.1,61.6
100605,2,2005-11-02,20.9,108.2,44.5
100605,3,2015-07-17,26.8,130.3,67.4
100605,4,2025-08-31,25.4,137.9,55.7
100606,1,1995-07-01,24.3,112.0,44.3
100606,2,2005-10-13,22.6,118.2,57.4
100606,3,2015-10-16,,105.9,40.6
100606,4,2025-11-25,,137.5,55.3
100607,1,1995-10-13,20.1,106.4,55.5
100607,2,2005-11-27,23.3,104.7,55.5
100607,3,2015-10-31,24.9,119.6,52.6
100607,4,2025-10-01,28.3,149.0,67.8
100608,1,1995-09-11,30.1,116.8,46.8
100608,2,2005-10-22,21.1,127.9,55.1
100608,3,2015-07-14,22.5,142.0,66.9
100609,1,1995-07-29,22.4,97.4,61.4
100609,2,2005-12-26,23.1,108.3,41.3
100609,3,2015-11-10,21.6,,39.9
100609,4,2025-07-31,28.0,115.6,63.9
100610,1,1995-12-07,26.8,,61.9
100610,2,2005-09-10,19.2,107.5,33.1
100610,4,2025-11-08,32.5,144.6,56.7
100611,1,1995-08-01,26.0,122.4,44.9
100611,2,2005-08-15,25.9,138.6,36.8
100611,3,2015-10-20,24.1,146.8,
100611,4,2025-12-19,25.6,129.5,50.1
100612,1,1995-08-02,25.9,106.6,53.2
100612,2,2005-08-12,27.6,125.3,48.4
100612,3,2015-11-22,26.6,128.5,45.3
100612,4,2025-12-01,22.9,120.5,43.5
100613,1,1995-10-01,26.0,93.0,36.2
100613,2,2005-11-02,22.6,121.3,34.1
100613,3,2015-07-26,,138.6,34.7
100614,1,1995-10-13,27.9,,55.2
100614,2,2005-08-31,26.4,111.2,35.4
100614,3,2015-08-01,24.4,127.0,61.4
100614,4,2025-10-06,23.7,115.3,44.5
100615,1,1995-11-25,22.6,117.6,39.5
100615,2,2005-07-29,24.3,127.8,16.5
100615,3,2015-12-12,24.7,128.3,28.0
100616,1,1995-09-17,25.6,129.1,59.9
100616,2,2005-11-21,27.3,107.7,40.3
100616,3,2015-08-11,27.9,117.7,61.7
100616,4,2025-08-21,24.3,,37.4
100617,1,1995-12-22,31.9,122.9,55.6
100617,2,2005-09-04,30.1,119.6,69.7
100617,3,2015-11-01,,130.4,39.1
100617,4,2025-08-22,30.1,139.9,48.3
100618,1,1995-12-24,20.7,141.2,55.0
100618,2,2005-08-23,19.4,110.1,58.3
100618,3,2015-12-13,24.1,114.0,43.1
100618,4,2025-09-23,31.3,,45.6
100619,1,1995-12-23,26.7,101.3,70.0
100619,2,2005-09-24,26.8,116.5,59.9
100619,3,2015-12-22,24.3,126.1,
100619,4,2025-11-27,28.6,141.8,43.8
100620,1,1995-12-28,18.9,112.6,45.7
100620,2,2005-08-14,23.2,132.3,46.8
100620,3,2015-07-12,24.6,148.4,51.4
100621,1,1995-07-30,25.7,,31.9
100621,2,2005-07-20,,105.4,
100621,3,2015-09-15,24.0,112.9,51.7
100621,4,2025-10-19,31.1,140.3,39.5
100622,1,1995-10-21,24.6,106.1,37.2
100622,3,2015-08-16,18.9,130.6,50.3
100622,4,2025-07-18,26.9,141.8,47.8
100623,1,1995-12-17,24.3,127.6,48.1
100623,2,2005-08-27,21.6,121.2,57.7
100623,3,2015-10-21,24.0,128.5,52.3
100624,1,1995-08-30,26.6,107.0,36.0
100624,2,2005-12-03,20.5,119.3,66.8
100624,3,2015-07-11,20.4,126.9,51.5
100625,1,1995-07-11,24.9,111.2,55.8
100625,2,2005-12-12,21.9,,45.2
100625,3,2015-10-25,20.8,148.8,28.6
100625,4,2025-10-20,28.1,141.8,42.5
100626,1,1995-07-01,24.8,107.7,40.5
100626,2,2005-10-04,26.8,140.5,62.6
100626,3,2015-12-19,27.7,125.0,
100626,4,2025-08-28,25.9,138.3,50.1
100627,1,1995-08-01,26.8,88.8,43.3
100627,2,2005-11-10,22.5,117.9,42.5
100627,3,2015-07-31,24.6,126.4,45.4
100627,4,2025-07-16,34.3,146.5,49.1
100628,1,1995-07-28,24.7,110.7,56.9
100628,2,2005-09-20,22.7,127.2,51.7
100628,3,2015-10-22,25.4,131.5,64.2
100628,4,2025-12-24,21.3,147.1,59.0
100629,1,1995-11-06,,112.6,39.0
100629,2,2005-08-04,30.7,123.3,54.7
100629,3,2015-10-15,22.5,129.6,50.3
100629,4,2025-07-06,27.8,133.9,47.4
100630,1,1995-11-08,21.9,114.3,40.6
100630,2,2005-07-12,31.0,,46.4
100630,3,2015-11-05,31.4,120.6,49.1
100630,4,2025-09-14,26.3,126.5,31.5
100631,1,1995-08-18,23.5,110.4,47.0
100631,2,2005-11-21,25.7,116.0,51.5
100631,3,2015-08-29,26.3,132.3,49.5
100632,1,1995-09-11,22.3,99.5,55.2
100632,2,2005-08-30,20.3,114.4,51.0
100632,3,2015-09-25,25.8,136.9,36.0
100632,4,2025-10-27,29.2,165.3,62.0
100633,1,1995-07-14,24.9,112.4,48.1
100633,2,2005-11-18,28.5,95.8,47.6
100633,3,2015-07-20,20.5,,52.2
100634,1,1995-12-22,28.5,127.3,49.8
100634,2,2005-09-28,23.7,130.8,45.8
100634,3,2015-11-02,25.7,113.3,46.3
100635,1,1995-10-31,24.6,95.4,42.2
100635,2,2005-07-04,23.0,130.5,42.6
100635,3,2015-11-15,26.6,141.7,48.2
100635,4,2025-11-10,30.5,130.3,44.8
100636,1,1995-09-11,22.0,99.1,33.7
100636,2,2005-12-08,21.5,119.2,51.3
100636,3,2015-12-02,24.6,103.0,48.8
100636,4,2025-10-16,30.6,134.1,40.7
100637,1,1995-10-22,25.5,,65.1
100637,2,2005-08-31,21.0,120.3,51.0
100637,3,2015-07-25,23.2,142.8,55.5
100637,4,2025-10-27,31.8,134.3,47.4
100638,1,1995-07-11,23.0,108.1,52.3
100638,2,2005-11-11,22.3,108.4,59.1
100638,3,2015-12-15,27.1,124.1,56.6
100639,1,1995-09-22,28.5,126.4,
100639,2,2005-10-19,24.1,123.0,59.2
100639,3,2015-09-25,25.3,134.1,32.5
100640,1,1995-07-16,23.2,98.6,36.7
100640,2,2005-08-23,25.1,,52.9
100640,3,2015-08-18,22.1,119.5,54.9
100640,4,2025-12-24,24.7,127.0,56.4
100641,1,1995-07-27,29.8,107.8,39.3
100641,2,2005-10-22,28.6,134.1,50.7
100641,3,2015-08-29,20.0,119.7,38.0
100641,4,2025-08-28,22.9,121.2,29.4
100642,1,1995-12-10,20.5,95.9,48.3
100642,2,2005-11-28,18.7,128.0,69.5
100642,3,2015-12-07,29.3,116.2,26.8
100642,4,2025-11-20,26.1,123.3,58.4
100643,1,1995-10-28,27.3,112.0,53.9
100643,2,2005-08-30,23.0,133.6,58.4
100643,3,2015-12-22,26.1,104.9,50.2
100643,4,2025-09-22,24.0,141.6,40.4
100644,1,1995-08-03,18.7,100.0,47.7
100644,3,2015-12-17,26.3,119.7,56.7
100644,4,2025-07-29,,155.5,47.3
100645,1,1995-08-23,19.8,118.2,47.9
100645,2,2005-08-09,30.1,105.0,40.8
100645,3,2015-09-06,23.7,123.4,53.4
100646,1,1995-12-09,23.3,117.2,43.5
100646,2,2005-11-08,21.3,101.0,76.3
100646,3,2015-11-16,22.5,121.2,61.7
100647,1,1995-12-19,21.4,128.5,45.5
100647,2,2005-10-27,21.9,118.1,67.3
100647,3,2015-08-01,24.1,133.0,52.6
100647,4,2025-07-31,20.4,135.3,64.4
100648,1,1995-12-09,23.2,120.0,47.3
100648,2,2005-07-12,28.1,100.7,40.7
100648,4,2025-11-04,29.5,138.7,52.8
100649,1,1995-10-11,18.8,101.2,55.2
100649,2,2005-09-23,24.0,93.3,65.7
100649,4,2025-07-20,27.7,133.9,60.3
100650,1,1995-09-11,21.1,110.6,46.3
100650,2,2005-10-06,25.4,121.2,50.5
100650,3,2015-09-17,27.3,133.2,55.1
100651,1,1995-09-17,,93.8,45.4
100651,2,2005-11-07,22.0,139.9,45.6
100651,3,2015-10-09,22.7,115.3,55.1
100651,4,2025-11-28,23.6,120.9,66.6
100652,1,1995-07-15,24.4,110.7,52.8
100652,2,2005-09-19,18.2,111.3,56.8
100652,3,2015-07-10,23.8,136.5,24.5
100652,4,2025-12-09,23.9,130.1,55.9
100653,1,1995-09-19,28.5,121.2,46.4
100653,2,2005-10-12,28.6,130.8,54.6
100653,3,2015-09-06,31.7,130.9,66.5
100653,4,2025-07-08,25.4,126.5,40.7
100654,1,1995-09-03,,129.0,61.0
100654,2,2005-10-09,23.4,,54.7
100654,3,2015-07-14,27.8,,59.9
100654,4,2025-12-08,32.3,134.4,76.0
100655,1,1995-09-16,23.0,133.8,51.1
100655,2,2005-07-22,27.1,110.0,51.4
100655,3,2015-11-15,27.9,113.0,48.0
100656,1,1995-08-05,23.1,125.2,53.9
100656,2,2005-10-25,26.2,130.6,53.5
100656,3,2015-10-21,21.3,129.9,50.5
100656,4,2025-10-09,28.4,136.9,
100657,1,1995-08-07,23.4,95.4,46.5
100657,3,2015-09-15,25.2,128.1,45.1
100657,4,2025-12-04,34.7,135.6,38.6
100658,1,1995-12-22,21.1,119.8,30.7
100658,2,2005-08-20,29.4,127.2,55.3
100658,3,2015-11-10,25.0,128.1,65.4
100658,4,2025-10-20,29.7,127.8,45.2
100659,1,1995-07-07,21.8,122.2,57.6
100659,2,2005-11-13,25.1,108.5,61.6
100659,3,2015-12-05,28.6,120.8,42.3
100659,4,2025-08-26,28.5,124.9,51.0
100660,1,1995-12-01,22.2,126.0,50.2
100660,2,2005-12-11,27.5,119.4,57.7
100660,4,2025-10-02,23.6,130.4,62.9
100661,1,1995-07-26,26.8,119.1,61.4
100661,2,2005-07-07,21.8,129.6,53.3
100661,3,2015-12-04,31.0,110.7,54.7
100661,4,2025-11-17,27.6,123.5,44.3
100662,1,1995-12-22,23.9,117.0,56.4
100662,2,2005-12-13,27.8,126.3,32.2
100662,4,2025-10-12,26.6,128.7,51.8
100663,1,1995-11-03,,138.1,32.3
100663,2,2005-07-19,29.8,114.8,42.3
100663,3,2015-08-29,29.5,134.9,60.5
100663,4,2025-12-21,24.0,138.8,53.0
100664,1,1995-10-26,,117.3,59.7
100664,2,2005-12-28,28.7,,40.3
100664,3,2015-09-21,26.6,137.3,40.0
100664,4,2025-07-17,27.3,135.1,61.4
100665,1,1995-09-27,23.4,118.2,58.8
100665,2,2005-07-13,,133.3,50.7
100665,3,2015-10-05,,108.8,51.2
100665,4,2025-10-24,28.8,,64.5
100666,1,1995-07-18,22.4,96.7,48.8
100666,2,2005-12-03,27.2,134.4,55.5
100666,3,2015-12-28,25.8,130.8,46.2
100666,4,2025-10-08,29.4,136.6,43.9
100667,1,1995-09-19,22.2,132.6,46.4
100667,2,2005-08-07,21.6,113.5,54.2
100667,3,2015-10-27,27.4,124.2,56.3
100668,1,1995-12-01,20.4,115.3,65.6
100668,2,2005-10-26,22.7,124.5,49.4
100668,4,2025-10-15,25.7,140.4,40.7
100669,1,1995-07-16,25.6,128.9,64.2
100669,2,2005-12-03,30.2,135.7,56.2
100669,3,2015-10-30,30.0,134.8,49.0
100669,4,2025-12-03,31.0,155.5,56.5
100670,2,2005-10-30,28.1,102.2,52.4
100670,3,2015-10-13,32.8,134.5,53.4
100670,4,2025-08-13,24.9,131.0,
100671,1,1995-11-17,24.1,106.7,46.9
100671,2,2005-12-02,22.6,117.3,59.9
100671,3,2015-08-17,27.7,155.1,56.3
100671,4,2025-10-25,25.4,131.3,30.9
100672,1,1995-12-15,24.1,128.3,53.5
100672,2,2005-08-02,23.3,,62.3
100672,3,2015-09-14,20.0,132.4,61.9
100672,4,2025-09-25,26.4,129.5,38.4
100673,1,1995-11-07,30.9,128.5,31.9
100673,2,2005-11-10,30.9,121.9,25.1
100673,3,2015-08-23,22.0,97.1,41.8
100673,4,2025-08-04,24.6,127.0,42.0
100674,1,1995-12-12,28.6,130.4,60.5
100674,2,2005-11-01,21.0,121.0,44.0
100674,3,2015-11-08,25.2,131.1,
100674,4,2025-10-18,17.4,120.9,39.0
100675,1,1995-09-24,21.8,112.3,54.3
100675,2,2005-08-22,17.2,131.4,51.7
100675,3,2015-10-04,27.4,118.9,48.8
100675,4,2025-12-24,28.4,,54.8
100676,1,1995-09-09,22.6,90.1,54.3
100676,2,2005-10-18,21.0,100.4,54.3
100676,3,2015-10-20,25.2,129.0,46.2
100676,4,2025-09-14,21.5,131.2,45.1
100677,1,1995-09-10,29.0,130.4,40.1
100677,2,2005-10-10,24.1,119.9,48.1
100677,3,2015-07-29,25.7,126.0,38.1
100677,4,2025-09-26,30.4,150.2,31.5
100678,1,1995-08-25,25.5,104.6,58.1
100678,2,2005-08-13,24.7,125.8,45.9
100678,3,2015-11-29,25.2,101.8,42.2
100678,4,2025-07-06,27.8,126.9,57.3
100679,1,1995-10-14,23.7,137.6,61.3
100679,2,2005-08-14,25.4,112.3,41.2
100679,3,2015-11-27,20.8,127.2,46.9
100679,4,2025-12-28,22.0,142.5,60.9
100680,1,1995-08-03,17.8,,60.7
100680,2,2005-10-15,25.4,112.6,62.4
100680,3,2015-10-04,24.2,118.1,50.4
100680,4,2025-10-05,25.9,,
100681,1,1995-07-25,27.2,107.7,60.1
100681,2,2005-09-26,22.7,126.9,37.7
100681,3,2015-11-13,25.7,133.0,71.7
100681,4,2025-12-21,30.9,136.7,37.1
100682,2,2005-10-24,23.5,,42.6
100682,3,2015-07-02,19.7,142.3,59.6
100682,4,2025-10-23,26.2,135.4,58.7
100683,1,1995-07-13,24.4,119.7,62.7
100683,2,2005-07-20,24.7,124.1,28.0
100683,4,2025-07-31,29.1,122.5,40.2
100684,1,1995-09-22,24.9,124.3,60.4
100684,2,2005-12-27,20.9,100.7,41.7
100684,3,2015-09-29,27.8,139.7,38.1
100684,4,2025-10-17,20.6,128.0,70.9
100685,1,1995-08-30,19.0,104.8,49.3
100685,3,2015-09-28,22.1,144.8,62.1
100685,4,2025-09-27,26.2,,
100686,1,1995-12-20,23.9,110.4,44.8
100686,2,2005-12-21,22.6,126.6,29.4
100686,3,2015-08-09,27.4,140.3,44.9
100686,4,2025-10-01,24.3,116.4,70.7
100687,1,1995-11-24,28.5,132.5,45.8
100687,2,2005-11-21,27.7,111.2,49.9
100687,3,2015-09-30,28.2,122.9,63.1
100688,1,1995-11-13,24.7,107.4,46.7
100688,2,2005-10-31,31.5,118.2,29.5
100688,4,2025-11-21,29.9,134.1,46.5
100689,1,1995-11-29,17.1,128.8,52.5
100689,2,2005-11-16,31.8,123.1,60.4
100689,3,2015-11-08,29.0,129.3,27.8
100689,4,2025-11-16,,135.6,39.4
100690,1,1995-07-22,27.2,105.4,61.4
100690,2,2005-10-09,26.2,122.9,57.2
100690,3,2015-08-16,30.4,,64.9
100690,4,2025-10-27,24.4,140.7,46.5
100691,1,1995-12-07,27.1,,35.0
100691,2,2005-09-01,23.7,129.0,47.5
100691,3,2015-09-19,26.8,105.9,50.8
100691,4,2025-09-07,28.7,148.5,46.0
100692,1,1995-08-03,24.7,105.8,55.3
100692,2,2005-10-30,21.3,128.7,47.4
100692,3,2015-11-15,22.6,140.2,62.7
100692,4,2025-10-19,18.7,138.3,59.2
100693,1,1995-07-11,17.6,111.4,59.4
100693,2,2005-09-02,21.8,107.1,51.1
100693,3,2015-07-17,24.2,,46.6
100693,4,2025-10-15,30.9,108.5,49.4
100694,1,1995-10-21,22.9,117.5,58.8
100694,2,2005-09-16,25.4,133.2,43.5
100694,3,2015-07-31,29.0,126.6,57.6
100694,4,2025-09-25,19.4,137.3,39.4
100695,1,1995-12-21,22.2,128.7,54.5
100695,3,2015-08-24,25.9,136.9,51.0
100695,4,2025-07-27,28.7,129.2,57.4
100696,1,1995-12-10,27.1,116.4,53.7
100696,2,2005-07-19,,,54.6
100696,3,2015-08-18,24.7,125.5,42.3
100696,4,2025-09-04,22.9,132.4,37.6
100697,1,1995-12-06,22.2,100.4,57.4
100697,2,2005-10-12,27.0,141.3,
100697,3,2015-12-24,24.3,122.7,57.4
100697,4,2025-11-03,21.9,137.6,39.1
100698,1,1995-08-29,26.0,130.5,61.0
100698,4,2025-07-09,19.4,109.6,50.6
100699,1,1995-12-04,24.1,115.0,43.6
100699,2,2005-08-26,26.3,115.7,40.2
100699,3,2015-09-12,30.7,122.3,30.4
100699,4,2025-10-17,25.8,124.3,55.9
100700,1,1995-12-14,26.9,129.6,51.1
100700,2,2005-10-18,24.9,116.7,46.7
100700,3,2015-09-04,22.5,118.8,58.2
100700,4,2025-10-17,21.7,140.3,37.9
100701,1,1995-07-21,18.6,104.8,38.8
100701,2,2005-11-10,25.9,96.7,48.5
100701,4,2025-11-23,27.5,126.1,47.6
100702,1,1995-10-26,23.9,109.4,36.9
100702,2,2005-12-21,23.8,115.5,55.1
100702,3,2015-07-19,27.9,124.4,51.2
100703,1,1995-07-09,19.7,108.1,39.6
100703,3,2015-07-23,31.3,126.2,63.6
100703,4,2025-09-13,23.7,131.5,44.1
100704,1,1995-11-18,,126.0,54.4
100704,2,2005-10-23,27.6,118.3,50.7
100704,3,2015-09-17,25.2,113.2,40.6
100704,4,2025-11-10,25.7,116.1,67.4
100705,1,1995-12-23,24.9,110.2,28.8
100705,2,2005-12-28,29.4,121.0,36.6
100705,3,2015-07-23,22.5,146.4,72.6
100705,4,2025-09-20,24.3,133.6,50.2
100706,2,2005-08-24,21.1,114.0,32.2
100706,3,2015-09-20,27.8,128.4,44.3
100706,4,2025-11-07,26.2,151.0,37.5
100707,1,1995-10-18,19.5,128.1,50.5
100707,2,2005-11-11,,116.5,54.3
100707,3,2015-09-22,28.0,123.1,41.5
100708,1,1995-07-24,20.8,117.0,33.1
100708,3,2015-08-09,23.6,139.2,45.0
100709,1,1995-08-29,26.5,120.6,48.0
100709,2,2005-08-04,24.4,126.8,55.4
100709,3,2015-07-26,27.4,121.9,24.0
100710,1,1995-07-02,24.3,116.9,49.7
100710,2,2005-10-27,24.5,113.6,70.6
100710,3,2015-09-05,,130.8,35.8
100710,4,2025-10-14,25.6,133.9,49.6
100711,1,1995-12-21,22.4,101.8,61.3
100711,2,2005-11-26,23.2,125.4,56.7
100711,3,2015-12-09,24.2,115.5,53.3
100712,1,1995-07-24,30.9,109.3,40.6
100712,2,2005-07-18,22.5,130.1,55.4
100712,4,2025-09-27,23.7,,50.4
100713,1,1995-08-13,23.7,110.7,37.5
100713,2,2005-11-02,21.0,115.6,58.8
100713,3,2015-09-02,18.5,122.5,63.5
100713,4,2025-07-11,29.7,131.7,44.7
100714,1,1995-10-10,25.2,110.2,52.2
100714,2,2005-11-07,18.5,139.2,52.0
100714,3,2015-11-13,22.4,119.9,58.2
100714,4,2025-11-21,26.6,138.4,45.2
100715,1,1995-11-17,20.1,108.0,38.7
100715,2,2005-10-29,26.1,134.9,45.8
100715,3,2015-08-07,30.9,128.0,62.9
100715,4,2025-07-23,23.6,132.8,43.9
100716,1,1995-09-21,25.8,107.5,60.1
100716,2,2005-11-17,21.6,,55.6
100716,3,2015-11-22,17.6,127.0,41.0
100716,4,2025-08-18,24.9,117.0,52.4
100717,1,1995-11-11,32.4,,41.9
100717,2,2005-10-08,27.9,121.5,24.1
100717,3,2015-07-06,24.3,116.5,41.4
100717,4,2025-08-12,29.2,136.4,46.7
100718,1,1995-08-27,24.6,83.6,62.7
100718,2,2005-08-30,21.9,,61.2
100718,3,2015-08-21,22.9,136.0,42.8
100718,4,2025-08-24,32.4,123.3,43.2
100719,1,1995-09-14,26.6,119.0,56.5
100719,2,2005-11-06,29.9,119.9,50.3
100719,3,2015-11-07,24.7,120.9,47.6
100719,4,2025-08-21,26.2,130.5,35.3
100720,1,1995-11-16,24.0,128.7,57.5
100720,2,2005-10-22,21.7,118.5,52.1
100720,3,2015-08-06,27.9,143.4,49.6
100721,1,1995-10-24,22.4,110.1,54.0
100721,2,2005-11-28,21.3,108.0,70.1
100721,3,2015-11-02,28.6,117.6,41.6
100721,4,2025-08-17,18.8,133.2,50.5
100722,1,1995-12-06,16.9,108.1,37.8
100722,2,2005-09-10,25.0,126.2,36.9
100722,3,2015-09-08,23.6,123.9,37.6
100722,4,2025-11-30,21.3,129.4,57.1
100723,1,1995-08-13,25.5,111.0,54.9
100723,2,2005-11-13,29.7,96.2,62.0
100723,3,2015-10-30,25.4,129.0,57.6
100724,1,1995-08-10,21.2,103.4,36.8
100724,2,2005-07-13,27.5,131.2,54.0
100724,3,2015-10-11,21.2,,63.2
100724,4,2025-08-08,25.3,145.3,59.8
100725,1,1995-08-05,20.3,131.5,49.9
100725,2,2005-08-27,20.9,132.8,63.4
100725,3,2015-11-10,27.7,134.6,59.3
100725,4,2025-10-27,22.6,150.4,58.7
100726,1,1995-12-16,22.9,,58.9
100726,2,2005-07-30,26.3,95.3,54.7
100727,1,1995-10-09,26.8,118.9,55.3
100727,2,2005-10-18,21.9,137.3,42.8
100727,3,2015-07-17,30.0,122.6,56.2
100727,4,2025-10-29,28.6,128.7,48.6
100728,1,1995-12-13,19.9,114.5,52.4
100728,2,2005-11-22,21.1,115.5,34.5
100728,3,2015-11-24,28.9,119.9,43.2
100728,4,2025-10-29,23.2,130.5,56.7
100729,1,1995-08-30,21.3,,55.1
100729,2,2005-10-04,26.2,145.0,
100729,3,2015-08-31,23.8,129.0,46.3
100730,1,1995-11-03,25.5,81.4,46.9
100730,2,2005-10-01,16.7,111.9,55.6
100730,3,2015-08-23,29.0,126.3,38.9
100730,4,2025-07-17,26.7,112.1,39.8
100731,1,1995-12-04,20.2,107.7,46.7
100731,2,2005-09-11,24.0,118.5,63.9
100731,3,2015-07-30,20.2,112.7,49.9
100731,4,2025-10-08,26.3,126.4,48.1
100732,1,1995-08-18,33.9,112.4,46.3
100732,2,2005-10-29,26.9,108.5,42.0
100732,3,2015-07-06,25.4,141.7,53.5
100732,4,2025-12-02,24.5,140.7,36.4
100733,1,1995-08-03,27.7,121.2,27.4
100733,2,2005-11-20,26.9,120.7,58.5
100733,3,2015-09-23,28.2,142.3,39.3
100733,4,2025-08-20,28.4,135.1,48.8
100734,1,1995-10-21,25.9,112.3,45.7
100734,2,2005-12-19,21.4,142.2,42.4
100734,3,2015-09-25,25.2,116.2,50.8
100735,1,1995-12-04,23.9,105.5,61.6
100735,2,2005-10-15,31.4,114.3,63.5
100735,3,2015-07-19,24.8,,48.2
100736,1,1995-08-20,25.8,83.2,61.1
100736,2,2005-07-02,23.4,109.9,39.4
100736,3,2015-09-08,22.1,130.6,43.2
100736,4,2025-07-17,28.0,136.7,60.3
100737,1,1995-07-28,22.6,114.3,60.1
100737,3,2015-10-26,24.8,140.3,37.9
100737,4,2025-10-19,33.5,133.0,59.4
100738,1,1995-09-12,25.0,118.4,41.6
100738,2,2005-07-26,24.4,124.7,63.0
100738,3,2015-07-24,27.2,136.5,48.9
100738,4,2025-08-19,25.0,127.7,49.1
100739,1,1995-11-05,20.8,110.4,60.5
100739,2,2005-07-27,25.7,117.1,
100739,3,2015-11-01,25.4,,60.8
100740,1,1995-12-27,21.9,98.5,66.6
100740,2,2005-11-26,24.7,101.6,58.4
100740,4,2025-10-12,24.8,156.8,35.1
100741,1,1995-11-07,23.1,127.2,50.2
100741,2,2005-08-23,21.3,99.1,56.0
100741,3,2015-08-25,26.1,153.9,57.0
100742,1,1995-07-11,25.5,111.5,56.7
100742,2,2005-08-01,26.9,126.5,48.2
100742,3,2015-09-10,,105.0,51.7
100742,4,2025-12-14,20.9,119.2,58.2
100743,1,1995-09-13,,92.7,56.3
100743,2,2005-09-30,26.0,119.1,62.5
100743,3,2015-12-24,23.0,141.5,40.2
100743,4,2025-07-26,25.8,144.5,51.4
100744,1,1995-12-15,18.5,126.6,53.6
100744,2,2005-11-17,24.0,133.9,32.4
100744,3,2015-07-13,29.5,,62.6
100745,1,1995-09-05,21.5,114.8,40.0
100745,2,2005-07-19,23.3,128.1,
100745,3,2015-11-04,22.9,,49.5
100745,4,2025-07-02,27.0,124.6,26.7
100746,1,1995-07-22,23.7,110.1,63.4
100746,2,2005-09-25,25.0,122.8,37.7
100746,3,2015-10-14,28.3,127.7,50.1
100747,1,1995-08-09,22.5,104.3,47.3
100747,2,2005-11-25,25.8,108.8,
100747,3,2015-09-21,22.3,154.1,59.8
100747,4,2025-12-12,22.8,129.1,68.4
100748,1,1995-10-13,22.7,122.0,24.5
100748,2,2005-09-21,23.9,127.1,
100748,3,2015-07-11,24.5,132.5,51.8
100748,4,2025-10-17,25.9,147.1,
100749,1,1995-10-22,26.1,101.5,49.0
100749,2,2005-09-25,20.5,106.0,46.9
100749,3,2015-07-14,25.6,135.7,49.2
100749,4,2025-11-02,25.9,133.2,47.6
100750,1,1995-09-29,27.6,115.1,52.2
100751,1,1995-10-15,25.4,,61.4
100751,2,2005-10-26,19.7,126.2,76.6
100751,3,2015-09-11,26.0,113.3,65.3
100751,4,2025-12-26,,119.1,52.5
100752,1,1995-08-20,20.0,97.7,59.6
100752,2,2005-10-22,19.2,132.2,53.7
100752,3,2015-11-29,27.9,122.0,49.0
100752,4,2025-12-23,27.8,120.2,35.8
100753,1,1995-12-08,,111.7,55.1
100753,2,2005-10-24,27.4,110.7,35.2
100753,4,2025-10-20,25.8,132.0,67.4
100754,1,1995-08-16,24.2,119.8,63.7
100754,2,2005-08-13,26.0,108.2,72.9
100754,3,2015-10-10,20.5,121.8,63.1
100755,1,1995-07-10,24.5,113.9,29.0
100755,2,2005-08-23,16.9,113.5,40.0
100755,3,2015-11-13,23.4,138.2,53.5
100755,4,2025-11-15,28.1,154.0,39.0
100756,1,1995-11-16,27.4,115.8,54.1
100756,2,2005-09-06,28.4,95.1,54.8
100756,3,2015-12-02,27.0,104.7,33.2
100757,1,1995-09-27,16.9,106.5,52.1
100757,4,2025-12-20,27.9,109.3,
100758,1,1995-08-27,28.6,112.2,
100758,2,2005-09-26,26.6,142.0,68.4
100758,3,2015-11-04,24.3,140.5,54.6
100758,4,2025-08-05,22.5,117.9,54.3
100759,1,1995-11-03,22.3,,43.7
100759,2,2005-09-21,24.7,133.7,60.3
100759,3,2015-12-15,25.2,109.7,52.2
100760,1,1995-08-30,28.2,104.1,56.4
100760,2,2005-12-25,27.5,126.1,55.7
100760,3,2015-09-24,26.4,140.1,39.7
100761,1,1995-10-28,27.4,112.0,59.1
100761,2,2005-09-12,18.0,110.9,38.2
100761,3,2015-10-11,18.7,,61.7
100761,4,2025-10-18,26.3,123.2,42.0
100762,1,1995-11-01,20.5,118.2,47.9
100762,2,2005-07-31,23.4,103.2,54.2
100762,3,2015-10-25,26.8,128.1,59.8
100762,4,2025-08-04,29.9,141.6,53.1
100763,1,1995-12-18,25.1,122.4,45.3
100763,2,2005-07-18,25.2,99.8,46.6
100763,3,2015-12-16,32.7,127.6,34.8
100763,4,2025-09-16,26.4,138.0,43.8
100764,1,1995-12-18,23.9,90.9,39.5
100764,2,2005-10-12,22.2,123.9,43.6
100764,3,2015-10-04,26.8,120.0,35.2
100764,4,2025-09-18,26.1,,41.1
100765,1,1995-12-16,27.2,,45.3
100765,2,2005-11-21,26.4,115.5,46.4
100765,3,2015-12-18,28.6,143.2,46.4
100765,4,2025-07-18,26.3,133.8,51.4
100766,1,1995-09-14,22.7,100.9,45.7
100766,2,2005-12-24,24.4,134.8,54.8
100766,3,2015-08-05,20.4,132.7,62.2
100766,4,2025-07-07,29.6,147.1,36.6
100767,1,1995-12-17,22.0,106.6,44.1
100767,2,2005-07-17,26.1,131.9,41.6
100767,3,2015-12-26,21.0,120.9,56.2
100767,4,2025-12-21,23.1,143.3,60.8
100768,1,1995-12-11,26.5,116.8,52.2
100768,2,2005-08-27,23.4,125.3,52.8
100768,3,2015-08-21,22.0,140.3,63.2
100768,4,2025-10-17,30.2,120.9,49.1
100769,1,1995-11-16,22.1,85.5,52.7
100769,2,2005-11-07,23.1,119.8,51.7
100769,4,2025-11-23,26.0,145.8,42.6
100770,1,1995-09-06,18.2,100.6,52.8
100770,2,2005-11-26,23.6,93.9,43.6
100770,3,2015-12-09,20.7,98.9,50.8
100770,4,2025-10-30,28.1,133.0,64.3
100771,1,1995-12-04,22.9,122.9,59.2
100771,2,2005-07-10,25.3,102.7,62.6
100771,3,2015-07-28,24.4,107.3,57.6
100771,4,2025-09-22,22.5,148.5,59.0
100772,1,1995-12-02,24.4,98.4,53.2
100772,2,2005-10-31,29.0,113.1,41.7
100772,3,2015-10-07,25.8,121.0,52.4
100772,4,2025-12-03,20.9,129.9,56.6
100773,1,1995-11-15,22.4,124.4,49.4
100773,2,2005-10-21,24.8,131.1,42.2
100773,3,2015-12-25,20.7,118.8,60.7
100773,4,2025-11-14,23.7,,
100774,1,1995-07-19,19.3,109.4,62.1
100774,2,2005-08-27,23.1,128.0,45.3
100774,3,2015-08-17,20.0,132.4,68.2
100774,4,2025-09-02,22.1,149.3,41.5
100775,1,1995-10-08,31.8,130.9,48.7
100775,2,2005-07-23,23.7,125.1,52.9
100775,3,2015-11-16,24.5,120.8,66.7
100775,4,2025-11-11,24.1,124.0,32.3
100776,1,1995-11-10,26.5,,67.0
100776,2,2005-08-13,22.3,124.0,69.6
100776,3,2015-11-30,24.0,,52.0
100777,1,1995-08-19,30.4,116.2,53.0
100777,2,2005-08-12,28.6,132.8,40.5
100777,3,2015-12-27,25.1,111.7,32.8
100777,4,2025-10-27,30.2,127.6,48.4
100778,1,1995-12-06,26.8,121.2,53.9
100778,2,2005-08-07,30.7,130.4,62.4
100778,3,2015-10-14,29.2,143.9,40.4
100779,1,1995-09-18,27.7,123.9,54.6
100779,2,2005-11-22,20.4,134.1,59.7
100779,3,2015-07-28,27.1,131.1,55.3
100779,4,2025-09-10,25.2,126.4,49.9
100780,1,1995-11-01,30.2,105.8,57.7
100780,2,2005-11-27,19.4,118.3,51.5
100780,4,2025-12-13,28.9,128.8,50.1
100781,1,1995-11-02,20.4,146.8,43.4
100781,2,2005-07-28,24.7,127.5,37.7
100781,3,2015-10-03,27.9,138.3,50.6
100781,4,2025-07-15,30.6,136.0,55.7
100782,1,1995-11-22,22.2,94.7,17.4
100782,2,2005-10-31,18.1,134.9,60.7
100782,3,2015-07-07,27.3,121.1,32.8
100782,4,2025-10-12,22.7,141.0,28.1
100783,1,1995-08-04,23.1,110.5,60.3
100783,3,2015-10-15,28.0,119.6,47.7
100783,4,2025-08-23,26.6,137.9,43.2
100784,1,1995-11-03,20.9,109.6,51.1
100784,2,2005-12-26,21.8,117.5,49.0
100784,3,2015-07-22,27.6,107.3,57.8
100784,4,2025-09-15,27.3,144.7,51.8
100785,1,1995-10-14,22.3,110.8,42.0
100785,2,2005-07-02,25.8,121.5,39.2
100785,3,2015-11-18,24.2,117.1,50.3
100786,1,1995-11-22,28.7,92.4,67.3
100786,2,2005-09-05,25.0,101.1,62.8
100786,3,2015-10-06,26.4,139.6,53.2
100786,4,2025-10-19,28.9,144.2,54.3
100787,1,1995-07-26,24.4,106.5,57.5
100787,2,2005-07-09,26.1,100.4,42.8
100787,3,2015-07-04,19.8,116.6,47.8
100787,4,2025-08-24,22.1,152.2,56.6
100788,1,1995-12-14,23.0,115.0,41.8
100788,2,2005-12-26,26.6,105.7,31.6
100788,3,2015-11-28,25.6,129.3,49.6
100788,4,2025-10-04,27.7,147.8,55.0
100789,1,1995-07-29,27.2,119.5,
100789,2,2005-08-24,30.7,122.3,45.4
100789,3,2015-09-03,23.2,138.9,45.6
100789,4,2025-07-20,28.6,112.8,49.8
100790,1,1995-12-09,21.4,89.7,56.2
100790,2,2005-10-29,22.4,125.5,52.9
100790,4,2025-07-12,26.0,150.2,47.8
100791,1,1995-08-24,29.6,110.0,47.5
100791,2,2005-09-30,25.0,112.4,42.8
100791,3,2015-10-31,,135.0,43.8
100791,4,2025-08-25,21.5,118.6,50.8
100792,1,1995-11-09,24.6,111.2,44.2
100792,2,2005-11-27,28.4,116.6,51.8
100792,3,2015-10-14,24.2,114.5,47.4
100792,4,2025-10-17,26.6,134.1,45.7
100793,1,1995-12-26,26.3,121.0,66.7
100793,2,2005-09-16,32.2,101.5,48.2
100793,3,2015-07-16,25.8,135.9,65.7
100793,4,2025-11-15,25.3,132.4,47.0
100794,1,1995-11-30,28.4,124.4,55.7
100794,2,2005-11-26,25.9,,37.1
100794,3,2015-09-29,30.2,134.0,42.8
100794,4,2025-09-24,27.6,137.5,51.6
100795,1,1995-08-21,22.4,102.4,54.0
100795,2,2005-07-05,26.0,105.6,44.7
100795,3,2015-08-13,23.7,140.8,46.7
100795,4,2025-12-12,,127.3,34.7
100796,1,1995-11-14,30.0,110.1,49.3
100796,2,2005-07-29,23.5,115.1,55.8
100797,1,1995-10-26,19.3,,26.7
100797,2,2005-12-05,20.5,116.9,46.7
100797,3,2015-08-10,18.6,113.8,41.5
100797,4,2025-10-02,26.8,155.3,51.3
100798,1,1995-09-18,22.7,121.3,50.0
100798,2,2005-12-02,23.2,121.9,57.6
100798,3,2015-09-29,24.3,143.5,50.5
100798,4,2025-11-30,26.0,126.2,49.5
100799,1,1995-07-18,,132.6,31.7
100799,2,2005-08-25,24.8,120.6,55.6
100799,3,2015-08-11,25.2,121.9,47.8
100799,4,2025-12-13,25.9,154.0,53.4
100800,1,1995-09-25,31.4,129.8,60.4
100800,2,2005-08-09,22.6,115.2,53.7
100800,3,2015-11-11,18.7,130.1,53.3
100800,4,2025-11-12,26.6,139.8,63.8
100801,1,1995-11-15,22.6,108.8,49.2
100801,2,2005-09-02,17.8,110.8,58.8
100801,3,2015-11-21,27.6,120.5,
100801,4,2025-11-16,21.4,151.6,43.9
100802,1,1995-11-18,26.5,113.7,43.4
100802,2,2005-09-04,17.6,129.0,39.2
100802,3,2015-09-20,25.4,125.9,59.9
100802,4,2025-11-30,23.6,123.3,63.9
100803,1,1995-10-24,24.1,93.0,66.4
100803,2,2005-11-30,28.6,130.3,54.1
100803,3,2015-11-18,22.3,125.2,55.8
100803,4,2025-09-24,29.2,135.5,42.2
100804,1,1995-10-18,23.3,,49.9
100804,2,2005-09-17,27.9,144.9,55.4
100804,3,2015-12-11,28.6,120.5,58.1
100804,4,2025-07-12,25.3,131.4,43.4
100805,1,1995-08-03,28.2,95.8,34.5
100805,2,2005-09-12,21.5,116.1,52.6
100805,3,2015-11-21,24.2,133.9,37.7
100806,1,1995-07-04,21.6,127.7,44.6
100806,2,2005-11-12,19.7,122.8,46.9
100806,3,2015-12-26,25.6,132.8,40.5
100806,4,2025-11-20,25.8,126.6,33.9
100807,1,1995-10-24,30.7,96.7,46.5
100807,2,2005-11-13,26.0,105.6,54.8
100807,4,2025-09-29,22.1,139.3,55.2
100808,1,1995-09-07,22.0,113.6,54.6
100808,4,2025-07-27,22.5,145.5,33.7
100809,1,1995-09-30,24.8,121.4,64.2
100809,2,2005-11-09,24.4,117.7,50.5
100809,4,2025-07-09,30.1,128.0,54.1
100810,1,1995-08-27,19.3,121.6,37.4
100810,2,2005-08-13,25.7,110.6,37.0
100810,3,2015-11-24,26.4,119.6,33.9
100810,4,2025-10-23,29.7,124.8,73.8
100811,1,1995-07-25,25.7,126.9,31.2
100811,2,2005-08-02,25.6,121.1,46.4
100811,4,2025-09-30,22.1,150.6,42.9
100812,1,1995-11-15,18.1,111.3,58.7
100812,2,2005-11-01,23.5,113.7,70.4
100812,3,2015-10-10,23.3,115.1,40.7
100812,4,2025-10-28,27.1,,51.5
100813,1,1995-11-20,24.6,115.0,53.2
100813,2,2005-08-11,17.8,142.0,58.6
100813,3,2015-07-02,27.9,130.8,27.4
100813,4,2025-11-13,28.8,130.7,52.1
100814,1,1995-10-21,32.1,126.7,52.4
100814,2,2005-11-27,29.4,118.4,51.7
100814,3,2015-08-17,23.3,122.9,41.3
100814,4,2025-09-05,28.4,143.6,46.2
100815,1,1995-08-18,18.2,98.4,37.8
100815,2,2005-10-09,27.9,131.6,54.6
100815,3,2015-12-02,25.3,128.8,57.3
100815,4,2025-09-04,24.0,,58.7
100816,1,1995-08-29,27.4,94.9,54.5
100816,2,2005-11-16,23.1,138.7,55.7
100816,3,2015-09-08,31.9,,34.2
100817,1,1995-10-11,29.6,93.6,74.1
100817,2,2005-12-20,28.3,129.4,30.0
100817,3,2015-09-28,22.7,138.7,68.3
100817,4,2025-11-04,20.4,121.7,48.4
100818,1,1995-09-30,25.4,129.4,36.9
100818,2,2005-12-13,21.0,123.9,57.0
100818,3,2015-12-12,24.9,129.6,55.2
100818,4,2025-12-14,26.6,149.2,38.5
100819,1,1995-08-14,25.2,119.9,41.8
100819,2,2005-09-24,19.8,114.4,48.9
100819,3,2015-07-17,29.8,126.9,56.3
100819,4,2025-12-08,20.1,141.3,54.6
100820,1,1995-10-01,25.4,123.3,40.8
100820,2,2005-08-15,21.7,110.7,59.7
100820,3,2015-09-24,23.7,144.4,
100820,4,2025-11-18,33.0,127.8,69.4
100821,1,1995-11-12,20.7,111.6,43.1
100821,2,2005-10-20,25.8,,41.9
100821,3,2015-08-12,25.7,135.5,
100821,4,2025-11-23,22.1,120.1,58.8
100822,1,1995-08-01,17.1,110.4,47.4
100822,2,2005-11-21,26.1,128.0,49.5
100822,3,2015-09-16,25.6,115.5,47.1
100822,4,2025-10-15,19.3,139.9,42.7
100823,1,1995-09-07,23.8,121.9,50.9
100823,2,2005-10-11,16.7,126.7,43.7
100823,3,2015-07-01,29.9,111.2,48.1
100823,4,2025-12-06,26.8,131.4,51.9
100824,1,1995-10-01,18.6,,45.9
100824,2,2005-07-01,24.7,117.3,43.1
100824,3,2015-08-31,27.8,113.0,49.4
100824,4,2025-08-19,30.0,128.7,61.6
100825,1,1995-07-31,26.7,116.5,54.2
100825,2,2005-07-19,22.8,122.9,66.4
100825,3,2015-10-06,25.5,112.7,64.2
100826,1,1995-09-07,27.0,108.6,28.1
100826,2,2005-09-20,22.6,131.0,40.2
100826,3,2015-12-16,27.3,116.5,46.6
100826,4,2025-11-18,26.9,131.6,46.6
100827,1,1995-08-29,24.9,110.4,
100827,2,2005-09-24,32.2,143.2,60.2
100827,3,2015-12-08,23.6,143.3,29.8
100827,4,2025-10-07,19.7,135.3,48.4
100828,1,1995-08-14,27.1,126.4,35.9
100828,2,2005-09-08,27.9,126.6,70.1
100828,3,2015-07-09,23.9,117.8,45.7
100828,4,2025-10-09,30.9,125.6,60.7
100829,1,1995-07-27,23.3,98.9,47.7
100829,2,2005-12-08,28.3,,49.1
100829,3,2015-11-08,28.7,117.3,32.3
100829,4,2025-08-14,26.7,129.0,39.5
100830,1,1995-10-02,22.0,124.8,56.9
100830,4,2025-07-01,25.2,128.6,38.6
100831,1,1995-08-23,27.5,,70.4
100831,2,2005-12-08,23.1,96.8,40.3
100831,3,2015-07-27,28.8,127.0,70.3
100831,4,2025-10-04,26.6,145.1,53.3
100832,1,1995-12-19,20.6,109.2,51.8
100832,2,2005-09-02,25.3,104.2,29.3
100832,3,2015-08-18,22.2,117.7,40.3
100832,4,2025-10-23,24.8,142.7,36.6
100833,1,1995-07-11,26.8,108.6,26.7
100833,2,2005-08-19,25.9,96.5,46.4
100833,3,2015-11-23,29.0,137.9,40.1
100833,4,2025-11-19,23.3,132.7,58.1
100834,1,1995-07-16,20.5,126.5,59.0
100834,2,2005-11-25,23.5,115.6,63.8
100834,3,2015-09-05,,106.2,37.2
100834,4,2025-10-07,29.8,144.4,43.0
100835,1,1995-09-22,25.9,,49.9
100835,2,2005-07-14,19.3,120.7,42.2
100835,3,2015-07-23,23.9,117.7,45.6
100835,4,2025-11-04,25.8,134.4,39.5
100836,1,1995-10-13,23.4,118.3,37.6
100836,2,2005-10-27,25.0,135.4,47.0
100836,3,2015-07-18,26.9,135.2,42.7
100836,4,2025-08-17,20.8,132.8,63.1
100837,1,1995-10-27,26.2,83.4,71.1
100837,2,2005-07-08,25.4,106.1,40.0
100837,3,2015-07-19,30.3,124.0,
100838,1,1995-07-23,26.1,120.0,66.3
100838,2,2005-10-16,25.2,125.4,39.3
100838,3,2015-10-29,28.9,142.5,44.7
100839,1,1995-12-18,23.3,116.0,33.5
100839,2,2005-10-08,25.1,136.4,50.9
100839,3,2015-10-12,23.3,104.8,40.4
100839,4,2025-07-22,28.3,115.1,75.5
100840,1,1995-11-23,27.3,116.3,40.8
100840,2,2005-11-29,22.9,127.0,51.8
100840,3,2015-10-27,22.0,150.5,50.7
100841,1,1995-10-23,,108.8,38.5
100841,2,2005-10-01,26.2,140.7,39.0
100841,3,2015-12-09,18.4,152.8,52.7
100841,4,2025-12-21,26.3,130.5,50.8
100842,1,1995-10-30,21.2,116.0,48.0
100842,2,2005-11-02,22.5,112.3,37.7
100842,3,2015-11-25,23.0,134.8,56.1
100842,4,2025-11-17,,,46.7
100843,1,1995-10-02,21.6,82.2,53.8
100843,2,2005-10-05,23.2,131.0,49.8
100843,4,2025-08-22,27.4,115.8,51.4
100844,1,1995-08-20,23.9,95.0,39.7
100844,2,2005-09-22,26.3,,55.9
100844,3,2015-12-17,31.8,147.5,57.6
100844,4,2025-11-08,27.9,113.5,58.4
100845,1,1995-10-02,25.7,89.8,48.8
100845,2,2005-10-08,23.9,138.1,23.9
100845,3,2015-11-19,27.8,133.0,
100845,4,2025-11-12,27.3,140.1,46.1
100846,1,1995-09-16,27.3,114.9,55.2
100846,3,2015-08-12,28.8,140.9,31.3
100846,4,2025-10-22,29.5,129.1,65.2
100847,1,1995-11-07,22.7,113.0,59.9
100847,2,2005-08-16,25.7,115.1,49.1
100847,3,2015-08-19,22.7,130.6,52.3
100847,4,2025-11-24,25.4,108.5,48.8
100848,2,2005-12-19,27.7,139.3,44.2
100848,4,2025-10-03,30.2,147.7,32.1
100849,1,1995-11-25,23.9,107.4,62.4
100849,2,2005-11-16,26.3,140.4,55.5
100849,3,2015-10-01,,97.8,59.7
100849,4,2025-12-28,24.7,140.1,63.1
100850,1,1995-07-28,18.7,115.2,53.9
100850,2,2005-07-30,23.1,92.3,49.8
100850,3,2015-08-09,26.6,120.9,48.4
100850,4,2025-07-14,,120.3,64.6
100851,1,1995-07-30,25.0,110.9,60.9
100851,2,2005-12-01,26.3,116.5,48.2
100851,3,2015-11-03,,146.5,44.6
100852,1,1995-12-13,25.9,97.7,52.1
100852,2,2005-11-16,22.6,118.1,56.1
100852,3,2015-11-30,24.0,116.9,60.5
100852,4,2025-09-21,27.1,139.4,51.4
100853,1,1995-11-19,23.3,111.6,57.2
100853,2,2005-10-28,22.5,113.8,34.3
100853,4,2025-09-16,30.3,143.0,51.7
100854,1,1995-12-06,23.3,137.9,40.2
100854,2,2005-12-17,23.0,103.2,34.3
100854,3,2015-11-15,25.6,,76.4
100854,4,2025-07-17,28.8,138.1,28.3
100855,1,1995-09-02,24.9,101.0,47.1
100855,2,2005-10-19,23.6,121.3,40.6
100856,1,1995-10-22,18.5,131.8,40.2
100856,2,2005-08-22,26.6,112.7,41.1
100856,3,2015-09-04,24.4,125.8,46.0
100856,4,2025-10-21,29.5,118.4,53.2
100857,1,1995-12-26,24.7,112.8,40.2
100857,2,2005-11-16,27.2,134.2,58.0
100857,3,2015-07-15,24.9,138.2,28.5
100857,4,2025-07-31,24.8,139.8,69.7
100858,1,1995-12-16,18.7,115.4,43.6
100858,2,2005-09-22,23.8,120.5,38.7
100858,3,2015-12-09,27.6,117.5,44.1
100858,4,2025-09-07,29.6,137.5,
100859,1,1995-10-15,21.0,126.2,51.1
100859,2,2005-09-04,19.4,124.9,35.6
100859,3,2015-09-19,28.5,147.6,62.5
100859,4,2025-09-06,,123.0,58.7
100860,1,1995-10-24,26.3,92.8,57.9
100860,2,2005-10-09,25.7,,52.0
100860,3,2015-07-18,24.3,128.3,65.9
100860,4,2025-08-25,29.3,125.0,50.9
100861,1,1995-07-11,,107.0,
100861,2,2005-12-25,23.3,100.0,
100861,3,2015-08-12,25.1,124.0,47.9
100861,4,2025-11-27,25.2,122.0,57.1
100862,1,1995-07-29,27.9,122.1,41.6
100862,2,2005-07-13,21.7,110.8,52.7
100862,3,2015-09-21,25.6,115.3,48.4
100862,4,2025-10-31,20.8,140.4,44.4
100863,1,1995-07-10,16.3,92.4,44.7
100863,2,2005-07-27,26.7,114.8,57.2
100863,3,2015-07-31,25.7,149.2,34.1
100864,1,1995-07-22,21.5,130.3,68.3
100864,2,2005-12-02,27.0,106.2,55.5
100864,4,2025-10-05,25.1,123.1,30.5
100865,1,1995-10-14,,117.4,38.3
100865,3,2015-10-03,26.4,118.8,51.0
100865,4,2025-10-25,27.6,141.0,45.7
100866,1,1995-09-28,31.9,101.2,39.8
100866,2,2005-11-28,24.6,139.0,73.1
100866,3,2015-10-04,27.7,145.1,45.4
100866,4,2025-08-23,24.4,148.4,59.7
100867,1,1995-09-14,24.2,111.8,25.7
100867,2,2005-08-11,29.5,111.5,43.3
100867,3,2015-11-20,24.7,122.1,51.9
100868,1,1995-08-16,25.6,94.0,57.5
100868,2,2005-09-20,26.4,118.1,56.7
100868,3,2015-08-28,19.4,139.3,71.4
100868,4,2025-09-03,28.9,137.0,60.3
100869,1,1995-11-19,26.5,131.0,47.0
100869,3,2015-11-23,29.6,124.6,50.9
100869,4,2025-12-27,21.7,117.2,59.1
100870,1,1995-12-02,27.2,122.9,43.4
100870,2,2005-09-01,20.4,117.8,51.0
100870,3,2015-12-01,27.2,128.8,46.7
100870,4,2025-11-17,25.0,130.3,49.9
100871,1,1995-07-18,23.0,113.8,43.2
100871,2,2005-10-21,31.0,119.0,41.4
100871,3,2015-09-30,22.7,129.5,48.0
100871,4,2025-12-25,23.7,133.7,25.4
100872,1,1995-11-06,23.3,106.4,63.0
100872,2,2005-11-12,21.8,146.0,47.2
100872,3,2015-10-10,27.3,128.2,56.3
100872,4,2025-08-06,27.8,145.2,56.7
100873,1,1995-09-09,25.1,119.1,38.0
100873,2,2005-07-09,23.4,112.1,52.1
100873,3,2015-09-19,23.2,144.7,54.6
100873,4,2025-10-02,27.1,133.9,59.0
100874,1,1995-07-17,20.6,95.4,31.5
100874,2,2005-08-11,27.4,113.5,42.3
100874,3,2015-08-02,26.0,135.8,27.2
100874,4,2025-08-30,,147.2,46.8
100875,1,1995-11-25,23.3,,48.9
100875,2,2005-08-10,22.4,138.9,41.4
100875,3,2015-10-02,27.8,144.5,51.2
100875,4,2025-09-12,26.6,138.2,46.5
100876,1,1995-07-20,22.3,107.2,45.2
100876,2,2005-07-11,25.0,128.3,21.9
100876,3,2015-09-02,19.0,108.7,58.6
100876,4,2025-10-04,,154.6,70.7
100877,2,2005-07-08,23.6,129.0,47.3
100877,3,2015-11-16,29.2,124.0,66.5
100877,4,2025-12-04,26.5,129.5,53.6
100878,1,1995-12-21,27.2,97.9,55.2
100878,2,2005-11-12,24.1,120.5,48.9
100878,3,2015-09-01,21.6,108.6,46.4
100879,1,1995-11-05,25.3,89.8,66.7
100879,2,2005-08-02,27.1,112.9,67.4
100879,3,2015-07-06,32.8,113.1,47.8
100879,4,2025-08-24,27.2,147.9,60.2
100880,1,1995-10-09,24.3,,58.2
100880,2,2005-11-10,15.3,93.6,56.7
100880,3,2015-10-28,28.1,129.7,47.4
100880,4,2025-08-19,28.3,,68.4
100881,1,1995-10-13,25.6,90.2,42.4
100881,2,2005-09-30,26.3,117.0,50.9
100881,3,2015-08-03,25.4,145.8,44.9
100882,1,1995-10-06,27.3,121.8,43.4
100882,2,2005-12-21,23.1,96.5,49.0
100882,3,2015-09-08,,138.6,62.4
100883,1,1995-07-03,19.4,119.4,29.7
100883,3,2015-11-19,22.8,141.5,44.1
100883,4,2025-11-03,29.4,127.2,46.2
100884,1,1995-12-25,26.3,124.0,49.1
100884,3,2015-11-16,32.4,108.9,43.5
100884,4,2025-08-31,20.6,142.5,47.6
100885,1,1995-12-06,18.3,86.2,59.4
100885,2,2005-11-25,27.5,132.9,69.6
100885,3,2015-10-09,22.6,148.5,50.7
100886,1,1995-09-05,25.8,98.9,46.3
100886,2,2005-12-10,26.5,101.7,55.3
100886,3,2015-11-03,26.1,139.4,62.6
100886,4,2025-09-19,29.5,152.6,49.2
100887,1,1995-10-13,25.0,123.8,43.8
100887,2,2005-07-09,22.7,106.5,55.7
100887,3,2015-09-11,26.5,125.8,40.7
100888,1,1995-11-15,25.5,127.6,68.5
100888,2,2005-07-23,22.2,120.2,45.4
100888,3,2015-09-14,22.1,131.3,49.9
100888,4,2025-10-29,29.9,134.9,51.2
100889,1,1995-11-09,22.9,109.4,58.7
100889,3,2015-10-05,22.8,132.6,33.0
100890,1,1995-10-15,24.9,133.6,64.3
100890,2,2005-08-27,19.1,107.6,49.1
100890,3,2015-08-13,22.7,123.7,34.0
100890,4,2025-07-24,26.1,135.1,35.4
100891,1,1995-11-30,20.2,124.3,44.6
100891,2,2005-11-01,26.1,121.7,46.8
100891,3,2015-11-12,26.1,117.2,44.0
100891,4,2025-12-06,24.8,120.0,44.6
100892,1,1995-11-23,17.3,,44.6
100892,2,2005-12-12,27.0,119.1,
100892,3,2015-08-17,22.5,128.1,48.7
100892,4,2025-10-26,29.1,132.8,49.5
100893,1,1995-07-22,21.9,125.8,43.2
100893,2,2005-08-09,27.5,124.2,50.7
100893,3,2015-07-01,27.0,,56.6
100893,4,2025-10-16,20.3,133.7,31.0
100894,1,1995-10-21,26.2,119.7,38.9
100894,2,2005-07-13,27.4,113.7,50.8
100894,3,2015-10-22,23.4,134.9,
100894,4,2025-07-22,23.2,127.5,60.2
100895,1,1995-11-23,22.6,124.0,50.5
100895,2,2005-09-25,20.2,125.4,60.2
100895,3,2015-08-04,25.6,148.6,56.4
100895,4,2025-07-13,28.0,,40.1
100896,1,1995-08-20,,100.5,49.9
100896,2,2005-12-20,22.8,120.1,40.9
100896,3,2015-09-03,23.8,125.9,40.7
100896,4,2025-10-30,24.2,136.4,68.6
100897,1,1995-09-01,19.2,119.1,70.5
100897,2,2005-12-15,24.1,114.1,
100897,3,2015-09-08,22.2,132.5,56.1
100897,4,2025-08-06,24.7,,59.8
100898,1,1995-08-23,24.5,131.8,52.0
100898,2,2005-08-17,26.6,111.5,33.1
100898,3,2015-11-19,25.4,112.8,42.2
100898,4,2025-11-14,29.6,130.5,53.7
100899,1,1995-09-16,25.0,120.7,51.8
100899,2,2005-10-23,25.6,94.2,48.1
100899,4,2025-12-21,22.0,133.4,37.1
100900,1,1995-07-30,21.3,109.5,47.1
100900,2,2005-08-29,23.2,125.3,33.9
100900,3,2015-11-19,24.3,119.0,35.0
100900,4,2025-09-06,23.3,134.6,55.0
100901,1,1995-11-21,19.7,106.3,37.9
100901,2,2005-12-24,23.4,107.7,55.7
100901,3,2015-12-21,24.0,123.5,52.3
100901,4,2025-09-03,27.8,130.6,25.3
100902,1,1995-11-20,27.1,,54.8
100902,2,2005-09-25,26.8,131.9,54.1
100902,3,2015-08-14,27.4,,31.7
100903,1,1995-10-12,27.1,125.6,52.0
100903,2,2005-07-24,22.1,110.5,54.7
100903,3,2015-12-09,20.9,144.5,30.0
100903,4,2025-10-30,29.7,144.1,46.3
100904,1,1995-10-18,25.4,123.3,50.4
100904,2,2005-12-09,27.5,130.9,50.7
100904,3,2015-12-13,25.8,137.7,44.5
100904,4,2025-07-13,30.9,121.4,41.1
100905,1,1995-11-06,26.1,104.6,48.3
100905,2,2005-12-10,19.1,99.9,61.0
100905,3,2015-09-05,32.6,142.1,50.9
100905,4,2025-09-28,27.4,134.1,70.0
100906,1,1995-08-20,24.9,99.6,49.3
100906,2,2005-12-26,24.4,110.3,53.3
100906,4,2025-09-25,25.2,138.4,70.3
100907,1,1995-11-25,28.2,117.6,51.0
100907,2,2005-08-10,27.2,120.9,54.5
100907,3,2015-12-26,29.0,111.1,35.4
100908,1,1995-11-30,25.2,104.9,53.3
100908,2,2005-07-27,22.8,99.2,48.9
100908,3,2015-11-07,25.7,122.1,50.6
100909,1,1995-07-10,30.4,105.9,35.9
100909,2,2005-12-03,25.4,129.9,60.6
100909,3,2015-09-05,30.8,132.6,43.2
100909,4,2025-10-28,19.0,142.8,42.0
100910,1,1995-07-19,18.3,121.3,58.0
100910,2,2005-09-12,31.9,125.4,61.8
100910,3,2015-11-22,29.1,139.9,51.8
100911,1,1995-08-29,,96.6,52.3
100911,2,2005-10-27,25.0,123.1,53.1
100911,3,2015-07-12,26.9,114.4,54.0
100911,4,2025-07-23,29.8,137.5,55.7
100912,1,1995-11-12,18.8,108.9,28.4
100912,2,2005-09-11,21.8,125.6,53.1
100912,3,2015-11-27,24.8,121.3,
100912,4,2025-12-05,26.9,134.5,54.5
100913,1,1995-12-02,27.8,88.5,48.5
100913,2,2005-12-12,23.7,132.7,45.0
100913,3,2015-12-27,21.7,133.5,50.6
100913,4,2025-12-07,23.3,163.3,44.0
100914,1,1995-08-14,22.0,128.7,37.5
100914,2,2005-12-02,22.3,114.0,28.0
100914,4,2025-12-25,30.7,130.1,51.0
100915,1,1995-08-08,24.8,101.8,53.5
100915,2,2005-12-07,27.7,120.2,47.2
100915,3,2015-09-26,27.0,107.8,62.2
100916,1,1995-10-16,28.0,109.1,40.3
100916,2,2005-11-24,27.3,111.4,33.7
100916,3,2015-07-15,28.1,122.0,52.3
100916,4,2025-12-22,27.3,128.2,55.3
100917,1,1995-08-13,23.5,94.3,56.2
100917,2,2005-11-30,20.6,135.4,52.6
100917,3,2015-07-28,27.0,102.7,58.0
100917,4,2025-09-01,26.2,137.4,53.2
100918,1,1995-11-07,21.3,119.4,49.6
100918,3,2015-08-01,25.2,126.4,38.0
100918,4,2025-11-19,34.2,152.5,60.2
100919,1,1995-12-12,18.8,109.7,42.1
100919,2,2005-07-04,23.3,139.5,40.5
100919,3,2015-10-03,29.0,141.8,54.0
100919,4,2025-07-15,30.0,127.7,67.1
100920,1,1995-12-26,28.4,115.5,52.5
100920,2,2005-08-30,21.7,110.6,56.1
100920,3,2015-07-15,29.0,115.1,56.1
100920,4,2025-12-16,29.4,131.0,43.0
100921,1,1995-08-25,24.3,97.3,41.9
100921,2,2005-11-19,20.8,120.3,
100921,3,2015-09-02,,120.8,46.8
100922,1,1995-07-17,29.7,119.6,46.4
100922,2,2005-09-16,23.6,103.5,53.7
100922,3,2015-12-01,23.8,111.9,44.2
100923,1,1995-12-21,18.2,109.5,40.8
100923,2,2005-08-01,22.6,134.0,61.7
100923,3,2015-12-12,19.6,117.0,43.1
100923,4,2025-09-17,25.0,143.0,54.8
100924,1,1995-10-06,22.3,108.7,49.9
100924,2,2005-08-13,32.0,123.3,
100924,3,2015-09-27,23.2,118.9,48.1
100925,1,1995-08-26,29.4,103.6,47.1
100925,2,2005-10-20,29.0,118.8,47.6
100925,3,2015-07-30,26.6,131.5,53.6
100925,4,2025-09-11,22.1,132.2,59.0
100926,1,1995-10-11,25.1,126.4,44.9
100926,2,2005-10-14,27.2,137.3,35.7
100926,3,2015-10-08,23.8,136.8,42.5
100927,1,1995-09-19,23.9,122.0,68.2
100927,2,2005-12-19,22.1,135.4,55.2
100927,3,2015-12-25,19.6,129.5,29.5
100927,4,2025-09-04,25.1,141.9,54.3
100928,1,1995-11-17,20.5,115.5,38.0
100928,2,2005-09-07,32.0,118.8,51.7
100928,3,2015-10-30,23.1,131.5,52.7
100928,4,2025-12-09,22.3,127.9,43.7
100929,1,1995-09-16,18.1,117.9,
100929,2,2005-07-04,23.3,125.7,61.2
100929,3,2015-08-19,26.2,131.3,59.8
100929,4,2025-10-28,27.7,121.2,42.1
100930,1,1995-09-03,27.1,117.6,41.8
100930,2,2005-07-07,23.7,125.9,43.2
100930,3,2015-12-23,27.9,143.3,67.6
100931,1,1995-08-16,24.9,110.1,38.2
100931,2,2005-09-09,27.1,125.4,64.2
100931,3,2015-07-21,26.8,116.2,65.0
100931,4,2025-12-08,27.3,131.5,64.3
100932,1,1995-12-27,23.2,109.1,43.2
100932,2,2005-10-21,28.9,116.1,61.0
100932,3,2015-10-17,28.1,125.0,49.5
100933,1,1995-10-04,29.8,125.3,58.4
100933,2,2005-11-06,31.5,116.2,39.9
100933,3,2015-07-18,27.1,114.7,36.1
100933,4,2025-07-28,30.3,133.6,44.7
100934,1,1995-12-09,24.2,108.8,
100934,2,2005-12-11,24.3,119.9,52.6
100934,4,2025-08-25,18.3,135.0,52.4
100935,1,1995-11-07,,110.5,54.9
100935,2,2005-11-30,17.6,117.3,52.9
100935,3,2015-07-11,26.2,125.8,46.9
100935,4,2025-09-29,27.4,122.7,47.0
100936,1,1995-12-08,26.5,107.2,28.8
100936,2,2005-09-17,26.0,114.1,42.2
100936,3,2015-07-25,27.8,135.5,50.6
100937,1,1995-08-21,22.3,88.9,47.9
100937,3,2015-09-05,29.7,135.4,40.9
100937,4,2025-12-10,30.6,123.8,50.3
100938,1,1995-07-13,24.7,124.1,59.0
100938,2,2005-07-15,24.8,112.8,57.6
100938,3,2015-09-05,29.5,139.6,42.4
100938,4,2025-11-24,28.1,145.0,
100939,1,1995-09-27,23.0,114.3,58.9
100939,2,2005-07-11,29.5,127.1,52.7
100940,1,1995-07-14,26.0,116.6,54.9
100940,2,2005-11-30,23.1,128.7,45.1
100940,3,2015-11-13,24.7,141.1,56.7
100941,1,1995-12-24,25.5,113.1,46.6
100941,2,2005-12-03,24.0,107.2,40.4
100941,3,2015-09-29,28.4,125.6,38.0
100942,1,1995-12-04,20.5,123.3,48.9
100942,2,2005-11-07,18.8,119.4,52.5
100942,3,2015-11-12,26.7,116.9,44.2
100942,4,2025-10-05,23.1,131.2,34.7
100943,1,1995-09-14,20.8,106.7,32.8
100943,2,2005-10-27,,116.6,50.1
100943,4,2025-12-26,30.2,127.9,70.7
100944,1,1995-09-28,26.9,106.9,41.8
100944,2,2005-11-22,20.1,103.5,44.4
100944,3,2015-12-06,22.4,129.8,37.1
100945,1,1995-10-01,24.0,127.2,45.8
100945,2,2005-12-20,25.0,124.5,62.4
100945,3,2015-09-22,29.9,116.4,43.6
100945,4,2025-10-06,25.1,121.2,48.6
100946,1,1995-08-05,29.9,113.8,58.8
100946,2,2005-11-25,28.6,106.1,52.4
100946,3,2015-08-23,23.2,134.2,47.9
100946,4,2025-09-26,25.1,136.1,59.1
100947,1,1995-08-10,21.8,118.5,61.0
100947,2,2005-12-20,27.8,121.5,31.9
100947,3,2015-11-27,21.7,,44.5
100947,4,2025-09-04,28.7,132.9,46.6
100948,1,1995-11-27,27.8,99.8,63.2
100948,2,2005-11-04,21.8,120.8,61.6
100948,3,2015-07-16,26.5,124.4,66.9
100949,1,1995-08-04,21.0,112.4,52.7
100949,2,2005-11-02,29.3,116.9,39.6
100949,4,2025-09-04,24.7,130.9,52.4
100950,1,1995-11-28,22.5,91.6,50.2
100950,2,2005-07-18,23.7,117.0,43.6
100950,3,2015-07-09,29.2,123.6,36.3
100950,4,2025-12-25,24.4,138.0,46.4
100951,1,1995-12-02,21.7,103.1,53.7
100951,3,2015-10-05,22.7,132.5,50.3
100951,4,2025-12-24,16.9,133.0,35.7
100952,1,1995-07-29,20.5,120.8,54.7
100952,2,2005-12-13,27.1,127.2,68.0
100952,3,2015-10-09,25.0,123.0,37.7
100953,1,1995-11-26,18.0,116.7,62.9
100953,2,2005-07-24,28.3,123.3,55.8
100953,3,2015-07-23,31.7,114.5,45.0
100953,4,2025-09-24,25.0,118.5,52.5
100954,1,1995-10-31,27.7,103.8,62.9
100954,2,2005-11-27,29.2,117.6,68.2
100954,3,2015-10-11,21.1,122.3,32.4
100954,4,2025-09-06,27.7,138.4,67.9
100955,1,1995-10-14,28.8,116.1,44.3
100955,2,2005-07-29,21.9,129.8,41.2
100955,3,2015-07-13,24.1,115.6,52.8
100955,4,2025-10-16,25.2,147.6,49.9
100956,1,1995-07-11,22.6,124.6,40.1
100956,2,2005-12-09,22.8,128.7,53.2
100956,3,2015-08-21,19.4,133.6,41.3
100956,4,2025-10-07,27.7,,52.9
100957,1,1995-09-26,22.6,119.1,62.9
100957,2,2005-10-17,30.4,113.2,58.0
100957,3,2015-12-10,23.5,136.2,49.0
100957,4,2025-12-26,28.0,120.0,43.6
100958,1,1995-08-22,23.3,94.5,53.6
100958,4,2025-09-21,20.8,150.9,60.3
100959,1,1995-09-20,21.3,96.2,58.2
100959,2,2005-07-06,22.0,,57.8
100959,3,2015-07-15,23.4,130.9,37.0
100960,1,1995-12-14,25.0,121.9,59.5
100960,2,2005-10-12,27.8,141.6,62.4
100960,3,2015-12-06,26.5,128.7,53.4
100960,4,2025-09-25,,138.9,51.9
100961,1,1995-07-16,21.4,104.1,32.8
100961,3,2015-07-23,22.3,138.3,56.5
100961,4,2025-12-16,27.7,116.6,63.9
100962,1,1995-09-04,24.3,116.3,47.0
100962,2,2005-10-12,26.3,,51.9
100962,3,2015-07-13,20.9,126.3,69.2
100962,4,2025-10-20,24.4,113.7,50.6
100963,1,1995-11-20,23.3,106.7,62.6
100963,2,2005-09-17,24.5,115.8,46.7
100963,3,2015-07-09,29.3,119.7,37.8
100963,4,2025-09-11,29.6,,34.5
100964,1,1995-12-13,29.0,120.8,
100964,2,2005-07-11,23.7,133.2,41.8
100965,1,1995-07-15,26.9,126.2,55.6
100965,2,2005-07-06,28.5,114.4,39.2
100965,3,2015-11-01,29.7,131.4,47.0
100965,4,2025-10-20,27.2,166.3,36.9
100966,1,1995-08-21,30.0,113.0,55.0
100966,2,2005-12-13,21.6,102.1,37.3
100966,3,2015-07-12,24.2,135.5,65.1
100966,4,2025-12-20,26.5,,54.4
100967,1,1995-08-10,27.4,103.7,44.0
100967,2,2005-09-07,28.2,115.0,66.1
100967,3,2015-11-08,28.8,122.0,62.7
100967,4,2025-11-01,28.5,131.8,44.4
100968,1,1995-12-18,29.2,118.3,67.0
100968,2,2005-11-24,24.7,136.5,69.6
100968,3,2015-08-01,23.6,134.4,
100968,4,2025-07-18,23.0,150.5,43.0
100969,1,1995-08-26,34.2,145.3,52.8
100969,2,2005-09-14,18.8,114.3,42.7
100969,3,2015-10-29,32.6,133.5,
100969,4,2025-09-23,20.4,135.6,57.3
100970,1,1995-12-12,29.6,,36.5
100970,3,2015-10-31,28.5,118.6,54.7
100970,4,2025-12-16,24.6,127.3,57.3
100971,1,1995-10-18,19.5,105.3,66.1
100971,2,2005-07-14,28.9,,53.4
100971,3,2015-08-05,27.7,142.5,48.2
100972,1,1995-09-30,24.2,108.4,52.4
100972,2,2005-11-17,22.4,115.8,48.9
100972,3,2015-09-09,23.7,139.5,42.4
100972,4,2025-11-27,25.5,147.4,41.4
100973,1,1995-09-02,20.9,133.3,53.8
100973,2,2005-07-24,27.2,130.3,63.3
100973,3,2015-08-17,28.8,131.2,49.1
100973,4,2025-08-16,26.2,130.0,57.9
100974,1,1995-10-20,20.4,129.7,59.1
100974,2,2005-12-05,25.6,118.8,34.1
100974,4,2025-07-05,25.1,146.7,47.1
100975,1,1995-09-17,24.6,112.6,41.5
100975,3,2015-11-10,27.6,120.4,46.9
100975,4,2025-07-31,27.1,140.1,58.2
100976,1,1995-09-16,24.8,115.9,25.7
100976,2,2005-10-01,29.2,,41.2
100976,3,2015-07-14,23.1,122.6,64.5
100976,4,2025-09-26,29.1,123.9,59.0
100977,1,1995-12-22,21.2,115.4,68.3
100977,3,2015-08-29,30.8,119.2,43.3
100977,4,2025-10-08,22.0,141.6,49.5
100978,1,1995-11-14,18.6,101.1,73.3
100978,2,2005-07-21,23.4,126.0,57.0
100978,3,2015-11-05,26.4,151.0,57.0
100978,4,2025-12-08,27.3,121.5,48.9
100979,1,1995-07-31,22.0,125.0,61.5
100979,2,2005-08-02,22.3,121.8,46.3
100979,3,2015-12-05,,137.6,42.7
100979,4,2025-08-06,29.4,146.4,47.9
100980,1,1995-12-15,29.5,105.9,
100980,2,2005-11-04,19.8,120.8,35.7
100980,3,2015-08-01,26.6,115.5,54.7
100980,4,2025-07-18,25.4,146.8,47.7
100981,1,1995-07-15,24.9,105.9,58.8
100981,2,2005-12-04,29.1,118.1,61.3
100981,3,2015-09-07,31.6,139.2,49.3
100981,4,2025-07-21,24.4,120.8,43.8
100982,1,1995-07-10,16.7,112.8,38.9
100982,2,2005-10-28,29.8,121.3,44.0
100982,3,2015-10-07,23.7,109.5,51.4
100983,1,1995-08-20,22.0,110.2,48.1
100983,2,2005-09-14,26.0,139.0,45.8
100983,3,2015-11-08,25.4,125.1,58.3
100984,1,1995-08-12,24.4,113.5,60.0
100984,2,2005-10-01,24.5,118.0,44.8
100984,3,2015-07-31,25.9,142.2,36.4
100984,4,2025-08-14,29.2,153.9,42.0
100985,1,1995-07-29,24.7,96.7,56.7
100985,2,2005-07-06,29.0,96.7,50.5
100985,3,2015-10-16,23.1,123.2,45.6
100985,4,2025-09-24,29.3,125.6,53.9
100986,1,1995-07-02,22.5,,28.5
100986,2,2005-07-07,27.2,123.2,56.6
100986,3,2015-09-22,22.7,128.4,66.4
100986,4,2025-10-09,25.7,103.4,49.5
100987,1,1995-08-22,23.5,127.5,63.4
100987,2,2005-11-12,23.3,113.6,42.9
100987,3,2015-07-27,21.7,137.3,44.1
100988,1,1995-12-17,22.4,97.2,48.0
100988,2,2005-08-13,25.3,116.9,45.0
100988,3,2015-08-15,24.2,129.3,45.4
100989,1,1995-09-18,20.6,129.2,53.9
100989,2,2005-08-17,32.4,116.5,63.9
100989,3,2015-07-31,29.2,135.7,55.0
100989,4,2025-11-21,28.2,146.5,61.0
100990,1,1995-11-18,23.8,122.1,55.1
100990,2,2005-11-28,24.7,103.1,39.3
100990,3,2015-11-02,25.2,138.1,53.6
100991,1,1995-12-19,29.9,104.1,45.8
100991,2,2005-08-12,21.9,116.4,64.1
100991,3,2015-12-19,24.5,139.2,44.8
100991,4,2025-08-31,23.9,135.6,40.3
100992,1,1995-12-14,22.5,106.0,51.6
100992,2,2005-07-28,24.2,108.6,56.5
100992,3,2015-10-01,21.1,152.2,44.5
100993,1,1995-11-17,24.5,116.7,59.2
100993,2,2005-11-22,23.5,114.1,31.9
100993,3,2015-07-12,25.8,133.6,44.2
100993,4,2025-10-12,28.6,116.8,12.8
100994,1,1995-10-21,20.8,114.7,41.4
100994,2,2005-10-03,26.5,125.6,63.3
100994,3,2015-09-02,24.6,121.1,58.1
100994,4,2025-12-26,22.5,131.8,62.7
100995,1,1995-08-27,22.2,130.3,53.3
100995,2,2005-12-12,24.1,116.3,42.9
100995,3,2015-11-26,24.2,126.7,37.4
100996,1,1995-07-06,20.9,87.1,28.9
100996,2,2005-12-13,34.7,123.1,44.0
100996,3,2015-11-01,27.9,120.2,54.7
100996,4,2025-07-29,20.3,117.7,43.3
100997,1,1995-08-20,26.4,125.8,39.5
100997,3,2015-07-01,26.2,118.5,39.8
100997,4,2025-08-24,23.1,119.9,46.4
100998,1,1995-09-15,23.1,129.6,47.4
100998,2,2005-10-09,24.1,109.9,61.1
100998,3,2015-11-30,26.6,115.3,51.9
100998,4,2025-12-23,24.4,126.7,49.2
100999,1,1995-10-28,29.8,129.8,
100999,2,2005-08-03,30.0,116.2,62.1
100999,4,2025-11-25,28.6,122.7,32.2
101000,1,1995-07-30,,117.5,21.0
101000,2,2005-09-03,28.8,150.6,46.2
101000,3,2015-11-30,33.1,130.1,48.8
101000,4,2025-12-20,28.5,143.9,51.7
